Name,Origin,Processing,Dry Fragrance,Wet Aroma,Brightness,Flavor,Body (Cupping),Finish,Sweetness,Clean Cup,Complexity,Uniformity,Floral,Honey,Sugars,Caramel,Fruits,Citrus,Berry,Cocoa,Nuts,Rustic,Spice,Body (Flavor),Total Score
Ethiopia Bensa Kebele Mirado,East Africa,Wet Process,2.0,3.0,2.0,0.0,2.0,3.0,0.0,0.0,0.0,0.0,1.0,3.0,9.1,9.2,9.2,9.0,8.5,8.6,9.0,8.1,9.0,8.5,88.2
Kenya Nyeri Kiruga AB,East Africa,Wet Process,0.0,0.0,4.0,3.0,2.0,2.0,2.0,2.0,0.0,0.0,2.0,4.0,8.8,9.1,8.8,9.0,9.0,9.1,9.5,8.8,9.2,8.5,89.80000000000001
Kenya Kiambu Fram Farm AA,East Africa,Wet Process,0.0,0.0,3.0,1.0,3.0,3.0,2.0,2.0,0.0,0.0,2.0,4.0,8.8,9.0,9.0,9.2,9.0,9.1,8.8,8.7,9.4,9.0,90.00000000000001
Kenya Kiambu Fram Farm AA,East Africa,Wet Process Kenya Type,2.0,2.0,4.0,0.0,4.0,4.0,2.0,2.0,0.0,1.0,4.0,3.0,9.2,9.5,9.5,9.3,8.8,9.1,9.0,8.2,9.6,8.5,90.7
Kenya Kiambu Fram Farm AB,East Africa,Wet Process,0.0,1.0,3.0,2.0,3.0,2.0,3.0,2.0,0.0,0.0,3.0,3.0,9.2,9.0,9.0,9.3,8.7,9.0,9.0,8.5,9.3,8.5,89.5
Kenya Kiambu Fram Farm Peaberry,East Africa,Wet Process Kenya Type,0.0,0.0,3.0,1.0,3.0,3.0,3.0,2.0,0.0,0.0,1.0,3.0,9.0,9.3,8.8,9.5,9.0,9.1,8.7,8.3,9.5,8.5,89.7
Kenya Kiambu Mandela Farm AA,East Africa,Wet Process,0.0,1.0,3.0,0.0,3.0,3.0,2.0,3.0,0.0,0.0,3.0,3.0,9.3,9.6,9.5,9.5,8.7,9.3,8.7,9.0,9.5,9.0,92.1
Kenya Kiambu Mandela Farm AB,East Africa,Wet Process,0.0,3.0,3.0,1.0,3.0,3.0,2.0,2.0,0.0,1.0,2.0,4.0,8.9,9.2,9.2,9.2,9.0,9.1,9.0,8.7,9.5,8.2,90.0
Kenya Kirinyaga Kamwangi AA,East Africa,Wet Process Kenya Type,0.0,2.0,3.0,1.0,3.0,3.0,3.0,2.0,0.0,2.0,2.0,3.0,8.8,9.1,9.2,8.9,8.8,8.4,8.7,8.2,9.2,8.5,87.8
Kenya Murang'a Gatuya AA,East Africa,Wet Process,0.0,0.0,4.0,0.0,3.0,3.0,2.0,0.0,0.0,2.0,2.0,4.0,8.8,9.3,9.2,9.0,8.7,8.7,8.7,8.2,9.6,8.5,88.7
Kenya Nyeri Chinga AB,East Africa,Wet Process,1.0,4.0,2.0,2.0,2.0,2.0,1.0,0.0,0.0,0.0,2.0,4.0,8.8,9.3,8.9,9.1,9.0,9.0,9.4,8.8,9.2,8.5,90.0
Kenya Nyeri Gatugi AA,East Africa,Wet Process Kenya Type,1.0,0.0,2.0,0.0,3.0,3.0,3.0,2.0,0.0,0.0,1.0,3.0,9.0,9.3,9.0,9.2,8.7,9.1,8.8,8.5,9.5,9.0,90.10000000000001
Costa Rica Don Oscar Arracaches,South America,Machine Washed,0.0,0.0,2.0,2.0,0.0,0.0,0.0,4.0,1.0,0.0,0.0,4.0,8.2,8.4,8.0,8.5,9.0,8.3,8.3,8.5,7.8,8.5,83.5
Kenya Nyeri Gatugi Peaberry,East Africa,Wet Process,0.0,0.0,4.0,2.0,2.0,2.0,2.0,2.0,0.0,0.0,1.0,4.0,8.8,9.0,9.1,9.2,9.0,8.7,9.5,8.7,9.2,8.5,89.7
Kenya Nyeri Githiru AA,East Africa,Wet Process,0.0,0.0,3.0,3.0,3.0,2.0,3.0,3.0,0.0,2.0,1.0,4.0,8.8,9.0,8.7,8.8,9.4,8.3,8.7,7.8,9.5,8.5,87.5
Kenya Nyeri Githiru AB,East Africa,Wet Process Kenya Type,0.0,1.0,3.0,3.0,3.0,1.0,3.0,3.0,0.0,1.0,1.0,4.0,8.7,8.8,8.5,8.8,9.3,8.7,8.7,8.3,9.0,8.2,87.0
Kenya Nyeri Ichamama Peaberry,East Africa,Wet Process,0.0,0.0,3.0,0.0,4.0,3.0,3.0,1.0,0.0,0.0,2.0,3.0,9.0,9.2,9.1,9.3,8.8,8.8,8.7,8.3,9.3,8.5,88.99999999999999
Kenya Nyeri Kamoini AA,East Africa,Wet Process Kenya Type,1.0,0.0,3.0,1.0,3.0,3.0,2.0,1.0,0.0,0.0,2.0,3.0,8.5,9.0,9.5,8.9,8.7,8.4,8.6,8.3,9.2,8.1,87.19999999999999
Kenya Nyeri Kianjogu AA,East Africa,Wet Process Kenya Type,0.0,1.0,3.0,1.0,3.0,3.0,2.0,2.0,0.0,0.0,1.0,3.0,8.8,9.1,9.2,9.0,8.8,8.7,8.6,8.7,9.3,8.5,88.69999999999999
Kenya Nyeri Kiruga AA,East Africa,Wet Process,1.0,2.0,3.0,0.0,3.0,3.0,2.0,2.0,0.0,0.0,1.0,3.0,9.0,9.5,9.4,9.2,8.5,9.1,8.9,9.0,9.3,9.0,90.89999999999999
Kenya Nyeri Othaya Gura,East Africa,Wet Process,0.0,2.0,4.0,1.0,3.0,2.0,2.0,2.0,0.0,0.0,2.0,4.0,9.0,9.4,9.3,9.3,8.9,9.2,8.7,9.0,9.4,8.5,90.7
Kenya Nyeri Rukira AB,East Africa,Wet Process Kenya Type,0.0,2.0,3.0,2.0,3.0,3.0,2.0,2.0,0.0,0.0,2.0,4.0,8.7,9.2,9.0,9.5,8.8,9.2,8.8,8.5,9.4,8.5,89.60000000000001
Kenya Nyeri Thageini AA,East Africa,Wet Process Kenya Type,0.0,2.0,3.0,1.0,3.0,4.0,2.0,0.0,0.0,0.0,2.0,3.0,9.3,9.5,9.6,9.5,8.8,9.2,8.8,8.3,9.5,8.5,91.0
Costa Rica Don Oscar Limones,South America,Machine Washed,0.0,2.0,2.0,1.0,1.0,1.0,1.0,3.0,1.0,0.0,2.0,3.0,8.3,8.6,8.2,8.6,8.8,8.5,8.5,9.0,8.0,8.5,85.0
Kenya Nyeri Thageini Peaberry,East Africa,Wet Process Kenya Type,0.0,0.0,3.0,3.0,2.0,2.0,2.0,2.0,0.0,2.0,1.0,4.0,8.6,8.7,8.5,8.8,9.0,8.3,8.6,8.0,9.1,8.5,86.1
Kenya Nyeri Thuti Peaberry,East Africa,Wet Process Kenya Type,0.0,0.0,3.0,2.0,3.0,2.0,3.0,2.0,0.0,0.0,2.0,3.0,9.0,8.7,8.9,9.2,8.8,8.9,8.6,8.2,9.4,8.5,88.2
Kenya Othaya Gura AB,East Africa,Wet Process Kenya Type,0.0,2.0,3.0,1.0,3.0,3.0,2.0,2.0,0.0,0.0,2.0,3.0,9.1,9.3,9.3,9.2,8.8,8.8,8.8,8.6,9.3,8.5,89.69999999999999
Kenya Othaya Mahiga Peaberry,East Africa,Wet Process,0.0,1.0,4.0,0.0,3.0,3.0,3.0,2.0,0.0,0.0,2.0,4.0,9.0,9.4,9.1,9.3,8.9,9.1,9.0,9.0,9.7,9.0,91.5
Rwanda Dry Process Ngororero,East Africa,Dry Process,0.0,0.0,3.0,0.0,4.0,1.0,4.0,3.0,0.0,2.0,2.0,3.0,9.0,9.2,9.0,9.4,8.7,9.0,8.7,8.3,9.5,8.2,89.0
Rwanda Dry Process Nyamasheke Karambi,East Africa,Dry Process,0.0,2.0,3.0,2.0,4.0,2.0,4.0,4.0,0.0,3.0,2.0,4.0,8.3,8.7,8.0,8.7,9.0,8.0,8.6,7.5,9.7,8.0,84.50000000000001
Rwanda Dry Process Rusizi Nyakarenzo,East Africa,Dry Process,0.0,2.0,3.0,1.0,3.0,0.0,3.0,2.0,1.0,2.0,0.0,3.0,8.5,8.7,8.5,8.8,9.0,8.5,8.5,7.7,9.0,8.0,85.2
Rwanda Dry Process Rusizi Nyakarenzo,East Africa,Dry Process,0.0,0.0,3.0,2.0,4.0,3.0,4.0,2.0,0.0,1.0,2.0,3.0,9.0,9.1,8.7,9.2,8.7,8.9,8.7,8.5,9.3,8.2,88.3
Rwanda Honey Process Karambi,East Africa,Honey Process,1.0,1.0,3.0,1.0,3.0,2.0,3.0,3.0,0.0,2.0,2.0,4.0,8.7,8.8,8.5,8.8,9.2,8.6,8.7,8.0,9.0,8.2,86.5
Rwanda Honey Process Ngororero,East Africa,Honey Process,0.0,1.0,3.0,2.0,2.0,1.0,1.0,3.0,0.0,1.0,1.0,4.0,8.5,8.7,8.5,8.9,8.9,8.5,8.6,8.3,8.9,8.0,85.80000000000001
Rwanda Ibisi Bya Huye Mountain Peaberry,East Africa,Wet Process,1.0,2.0,3.0,0.0,2.0,2.0,1.0,2.0,0.0,1.0,3.0,3.0,8.7,8.8,8.7,8.9,8.5,8.9,8.6,8.2,9.0,8.5,86.8
Rwanda Karongi Gitesi,East Africa,Wet Process,1.0,2.0,4.0,2.0,2.0,2.0,1.0,2.0,0.0,0.0,3.0,2.0,9.0,9.0,8.9,9.1,8.5,8.8,8.8,8.7,9.0,8.0,87.8
Rwanda Kivu Kageyo,East Africa,Wet Process,0.0,2.0,2.0,2.0,1.0,1.0,0.0,3.0,0.0,0.0,2.0,3.0,8.6,8.9,8.5,8.8,8.6,8.4,8.7,8.5,8.8,8.2,86.0
Rwanda Kivu Kageyo,East Africa,Wet Process,0.0,1.0,3.0,1.0,2.0,1.0,2.0,3.0,0.0,0.0,3.0,3.0,8.6,8.9,8.6,9.0,9.0,8.7,8.9,8.5,8.9,8.0,87.1
Rwanda Ngororero Matyazo,East Africa,Wet Process,1.0,2.0,3.0,1.0,2.0,1.0,2.0,2.0,0.0,0.0,3.0,3.0,8.9,9.1,8.7,9.1,8.7,9.0,8.7,8.5,9.2,8.2,88.10000000000001
Rwanda Nyamasheke Cyato,East Africa,Wet Process,1.0,1.0,3.0,1.0,2.0,2.0,2.0,3.0,0.0,0.0,3.0,3.0,8.8,9.0,8.7,9.0,8.7,8.8,8.6,8.0,9.0,8.2,86.8
Rwanda Nyamasheke Gitwe,East Africa,Wet Process,0.0,0.0,3.0,2.0,2.0,1.0,1.0,2.0,0.0,0.0,3.0,2.0,8.7,8.7,8.6,8.7,8.1,8.6,8.6,8.5,8.7,8.2,85.4
Rwanda Nyamasheke Kanyege,East Africa,Wet Process,0.0,2.0,3.0,2.0,2.0,2.0,0.0,2.0,0.0,0.0,2.0,3.0,8.6,8.8,8.6,8.7,8.5,8.6,8.7,8.5,8.7,8.2,85.9
Rwanda Nyamasheke Kanyege Station,East Africa,Wet Process,1.0,1.0,3.0,2.0,2.0,2.0,1.0,3.0,0.0,0.0,3.0,3.0,8.7,8.9,8.7,8.8,8.8,8.7,8.7,8.8,8.8,8.2,87.10000000000001
Rwanda Nyamasheke Karambi,East Africa,Wet Process,0.0,1.0,3.0,1.0,2.0,2.0,0.0,2.0,0.0,0.0,3.0,2.0,8.4,8.9,8.7,9.0,8.3,8.8,8.6,8.5,8.8,8.3,86.29999999999998
Costa Rica Helsar Macho Arce,South America,Machine Washed,0.0,2.0,2.0,1.0,1.0,1.0,1.0,3.0,2.0,0.0,1.0,3.0,8.5,8.5,8.5,8.6,8.8,8.4,8.5,9.0,8.0,8.5,85.30000000000001
Rwanda Nyamasheke Mutovu,East Africa,Wet Process,1.0,2.0,4.0,3.0,2.0,1.0,1.0,3.0,0.0,0.0,2.0,3.0,8.8,8.9,8.7,8.9,8.7,8.9,9.0,8.5,8.9,8.2,87.50000000000001
Rwanda Nyamasheke Nyakabingo,East Africa,Wet Process,1.0,3.0,3.0,2.0,2.0,2.0,1.0,3.0,0.0,0.0,3.0,4.0,9.0,9.1,8.8,9.2,9.0,8.8,9.0,8.8,9.2,8.3,89.2
Rwanda Rulindo Bushoki Peaberry,East Africa,Wet Process,0.0,1.0,3.0,2.0,0.0,2.0,0.0,3.0,0.0,0.0,4.0,3.0,9.0,9.0,8.8,9.2,8.8,9.1,8.6,8.5,9.2,8.5,88.7
Rwanda Rulindo Tumba,East Africa,Wet Process,0.0,1.0,3.0,2.0,2.0,2.0,2.0,3.0,0.0,0.0,3.0,3.0,8.8,8.8,8.5,9.2,8.8,9.0,8.6,8.5,9.1,8.2,87.49999999999999
Rwanda Rusizi Gaseke,East Africa,Wet Process,0.0,0.0,3.0,1.0,1.0,0.0,1.0,2.0,0.0,2.0,2.0,3.0,8.5,8.6,8.4,8.6,8.8,8.3,8.6,8.1,8.8,8.2,84.9
Rwanda Rusizi Nyakarenzo,East Africa,Wet Process,0.0,0.0,2.0,3.0,1.0,1.0,1.0,3.0,0.0,1.0,2.0,3.0,8.6,8.7,8.6,8.7,8.7,8.6,8.6,8.3,8.8,8.2,85.8
Rwanda Rutsiro Mushonyi,East Africa,Wet Process,1.0,0.0,3.0,3.0,2.0,1.0,2.0,3.0,0.0,0.0,3.0,3.0,8.7,8.8,8.7,9.0,8.6,8.7,8.7,8.5,9.0,8.5,87.2
Tanzania Mbeya Isende AB,East Africa,Wet Process,0.0,1.0,3.0,1.0,1.0,0.0,0.0,3.0,0.0,2.0,1.0,3.0,8.2,8.5,8.0,8.3,8.8,8.0,8.6,7.9,8.5,8.5,83.3
Costa Rica Chirripo Finca Jose,South America,Machine Washed,0.0,1.0,2.0,2.0,1.0,0.0,1.0,3.0,1.0,0.0,0.0,4.0,8.3,8.6,8.3,8.6,9.0,8.3,8.4,8.5,8.4,9.0,85.4
Costa Rica Chirripo Finca Jose Lot 1,South America,Wet Process,0.0,2.0,2.0,2.0,2.0,1.0,2.0,3.0,1.0,0.0,1.0,3.0,8.5,8.7,8.5,8.6,8.8,8.5,8.5,8.5,8.5,8.5,85.6
El Salvador Nejapa Finca El Cipres,South America,Wet Process,0.0,1.0,2.0,3.0,0.0,0.0,0.0,4.0,2.0,1.0,0.0,4.0,8.3,8.5,8.1,8.5,9.0,8.3,8.5,8.4,7.9,8.5,84.00000000000001
Costa Rica Chirripo Finca Jose Lot 2,South America,Wet Process,0.0,1.0,3.0,2.0,1.0,1.0,1.0,3.0,2.0,0.0,1.0,3.0,8.3,8.6,8.4,8.5,8.7,8.5,8.5,8.5,8.3,8.5,84.8
Costa Rica Don Mayo La Ladera Lot 2,South America,Machine Washed,0.0,1.0,2.0,2.0,1.0,0.0,1.0,4.0,1.0,0.0,1.0,3.0,8.3,8.6,8.3,8.4,8.7,8.3,8.4,8.5,8.0,8.5,84.0
Costa Rica Don Mayo La Loma,South America,Machine Washed,0.0,1.0,2.0,2.0,0.0,0.0,0.0,4.0,2.0,1.0,1.0,3.0,8.3,8.5,8.3,8.4,8.7,8.2,8.4,8.2,8.1,9.0,84.1
Costa Rica Don Oscar Limones,South America,Machine Washed,0.0,1.0,2.0,2.0,0.0,0.0,0.0,4.0,1.0,0.0,0.0,3.0,8.2,8.4,8.3,8.3,8.7,8.2,8.4,8.5,8.0,9.0,84.0
Costa Rica Helsar Asdrubal Chavez,South America,Wet Process,0.0,2.0,3.0,2.0,1.0,1.0,1.0,3.0,1.0,0.0,0.0,3.0,8.5,8.6,8.5,8.7,8.8,8.3,8.6,8.5,7.7,9.0,85.2
Costa Rica Helsar Finca Rola,South America,Machine Washed,0.0,0.0,3.0,3.0,0.0,0.0,0.0,4.0,2.0,0.0,1.0,3.0,8.5,8.7,7.5,8.5,8.6,8.5,8.7,8.5,7.9,9.0,84.4
Costa Rica Helsar Leo Rojas Lot 2,South America,Machine Washed,0.0,0.0,3.0,1.0,1.0,1.0,1.0,3.0,1.0,0.0,0.0,3.0,8.4,8.5,8.3,8.5,8.5,8.5,8.5,8.5,8.2,8.5,84.4
Costa Rica Helsar Magdalena Vega,South America,Wet Process,0.0,1.0,3.0,2.0,1.0,0.0,0.0,3.0,2.0,0.0,1.0,3.0,8.5,8.5,8.4,8.6,8.8,8.3,8.5,8.7,8.2,8.5,85.0
Costa Rica Helsar Miguel Rojas,South America,Wet Process,0.0,1.0,2.0,2.0,1.0,1.0,1.0,3.0,1.0,0.0,1.0,4.0,8.3,8.6,8.2,8.6,8.8,8.3,8.5,8.5,8.0,9.0,84.8
El Salvador Santa Ana Pacamara AAA,South America,Wet Process,1.0,2.0,4.0,3.0,2.0,2.0,0.0,0.0,0.0,0.0,1.0,3.0,8.6,8.8,8.7,8.8,8.6,8.6,9.0,8.5,8.7,9.0,87.3
Costa Rica Helsar Miguel Rojas Lot 2,South America,Wet Process,0.0,1.0,2.0,2.0,1.0,1.0,1.0,3.0,1.0,0.0,1.0,4.0,8.3,8.6,8.2,8.6,8.8,8.3,8.5,8.2,8.0,9.0,84.5
Costa Rica La Casona SF 1900,South America,Wet Process,0.0,2.0,3.0,3.0,2.0,2.0,1.0,3.0,2.0,0.0,2.0,3.0,8.5,8.6,8.7,8.7,8.8,8.5,8.6,8.8,8.6,9.0,86.8
Costa Rica Los Crestones Finca Alaska,South America,Machine Washed,0.0,1.0,2.0,2.0,1.0,0.0,1.0,4.0,1.0,0.0,1.0,3.0,8.3,8.6,8.3,8.6,8.7,8.2,8.5,8.5,7.9,9.0,84.60000000000001
Costa Rica Tarrazu Don Mayo Cascabeles,South America,Machine Washed,0.0,1.0,2.0,2.0,2.0,2.0,0.0,3.0,2.0,0.0,0.0,3.0,8.3,8.6,8.3,8.6,8.5,8.4,8.7,8.5,8.2,8.5,84.6
Costa Rica Tarrazu Don Mayo La Loma,South America,Wet Process,0.0,2.0,3.0,2.0,1.0,1.0,1.0,2.0,1.0,0.0,2.0,3.0,8.3,8.6,8.4,8.6,8.7,8.5,8.5,8.5,8.2,9.0,85.3
Costa Rica Tarrazu La Casona SF 1900 Lot 2,South America,Wet Process,0.0,1.0,3.0,2.0,2.0,2.0,0.0,3.0,1.0,0.0,0.0,3.0,8.4,8.5,8.5,8.6,8.8,8.2,8.5,8.5,8.0,9.0,85.0
Costa Rica Tarrazu Monte Alto,South America,Machine Washed,0.0,1.0,3.0,1.0,2.0,2.0,2.0,3.0,0.0,0.0,2.0,3.0,8.5,8.7,8.5,8.8,8.8,8.7,8.7,8.5,8.8,8.5,86.5
El Salvador Apaneca Finca Miravalle,South America,Wet Process,0.0,1.0,2.0,2.0,0.0,0.0,0.0,4.0,2.0,1.0,0.0,4.0,8.0,8.3,7.7,8.3,9.0,8.2,8.3,8.2,7.5,8.5,82.0
El Salvador Apaneca Finca Miravalle Bourbon,South America,Wet Process,0.0,2.0,3.0,1.0,1.0,0.0,1.0,3.0,2.0,0.0,1.0,2.0,8.5,8.6,8.6,8.6,8.0,8.5,8.5,8.5,8.2,8.5,84.50000000000001
El Salvador Ataco Finca Villa Maria Bourbon,South America,Wet Process,0.0,1.0,3.0,2.0,0.0,0.0,0.0,4.0,2.0,0.0,0.0,4.0,8.3,8.4,8.2,8.5,9.0,8.2,8.5,8.5,7.7,8.5,83.80000000000001
Guatemala Acatenango Gesha Lot 2,South America,Wet Process,4.0,2.0,4.0,0.0,3.0,3.0,2.0,1.0,0.0,0.0,3.0,3.0,9.5,9.5,8.8,9.7,8.8,9.5,9.0,9.0,9.7,8.5,92.0
El Salvador Comasagua San Antonio,South America,Machine Washed,0.0,1.0,2.0,2.0,0.0,0.0,0.0,4.0,2.0,0.0,0.0,4.0,8.2,8.6,8.4,8.5,9.0,8.3,8.3,8.5,7.8,8.3,83.89999999999999
El Salvador Finca La Esperanza,South America,Wet Process,0.0,1.0,2.0,2.0,1.0,0.0,0.0,4.0,2.0,0.0,0.0,4.0,8.2,8.6,8.5,8.5,8.9,8.2,8.5,8.3,7.8,8.5,83.99999999999999
El Salvador Finca Matalapa Lote Cumbrita,South America,Wet Process,0.0,1.0,2.0,2.0,0.0,0.0,0.0,3.0,2.0,0.0,1.0,3.0,8.3,8.5,8.2,8.5,8.5,8.3,8.4,8.5,7.8,9.0,83.99999999999999
El Salvador Finca Matalapa Lote Pino,South America,Wet Process,0.0,1.0,2.0,2.0,0.0,0.0,0.0,3.0,2.0,0.0,0.0,2.0,8.3,8.7,8.2,8.5,8.3,8.4,8.4,8.5,7.5,8.5,83.3
El Salvador Finca Matalapa Peaberry,South America,Wet Process,0.0,2.0,2.0,2.0,1.0,1.0,1.0,3.0,2.0,0.0,0.0,2.0,8.3,8.6,8.5,8.5,8.4,8.5,8.4,8.5,8.3,9.0,84.99999999999999
El Salvador Finca Santa Julia Bourbon,South America,Wet Process,0.0,1.0,2.0,2.0,1.0,1.0,1.0,4.0,2.0,0.0,0.0,4.0,8.2,8.5,8.1,8.5,9.0,8.0,8.2,8.5,8.0,8.5,83.5
El Salvador La Esperanza ,South America,Wet Process,0.0,1.0,2.0,2.0,1.0,1.0,0.0,2.0,0.0,0.0,1.0,2.0,8.6,8.5,8.6,8.6,8.4,8.5,8.5,8.5,8.6,8.5,85.3
El Salvador Perquin Finca La Victoria ,South America,Wet Process,0.0,1.0,2.0,2.0,0.0,1.0,0.0,4.0,2.0,0.0,1.0,4.0,8.3,8.5,8.0,8.5,8.8,8.3,8.5,8.5,7.5,8.5,83.39999999999999
El Salvador Santa Ana Miravalle H1,South America,Wet Process,0.0,0.0,2.0,2.0,1.0,0.0,1.0,4.0,2.0,0.0,2.0,4.0,8.3,8.5,8.4,8.7,9.2,8.0,8.4,8.5,8.0,8.5,84.5
El Salvador Santa Ana Pacamara AA,South America,Wet Process,1.0,2.0,3.0,1.0,2.0,2.0,0.0,1.0,1.0,0.0,3.0,2.0,8.7,8.8,8.9,9.0,8.4,8.6,8.3,8.5,8.7,8.5,86.4
Guatemala Chimaltenango San Martin Jilotepeque,South America,Wet Process,0.0,1.0,2.0,3.0,0.0,0.0,0.0,3.0,3.0,1.0,1.0,3.0,8.2,8.6,8.1,8.3,8.9,8.2,8.4,8.3,7.8,8.2,83.0
Guatemala Acatenango Gesha ,South America,Wet Process,5.0,2.0,3.0,0.0,3.0,2.0,2.0,0.0,0.0,0.0,3.0,2.0,9.3,9.5,8.8,9.7,8.3,9.5,9.0,9.0,9.7,8.5,91.3
Guatemala Acatenango Gesha Lot 1,South America,Wet Process,2.0,1.0,3.0,0.0,2.0,1.0,2.0,1.0,0.0,0.0,2.0,4.0,9.0,9.2,8.9,9.2,9.5,8.5,8.7,8.5,9.3,8.7,89.5
Guatemala Acatenango Gesha Lot 3,South America,Wet Process,3.0,0.0,3.0,1.0,2.0,2.0,1.0,1.0,0.0,0.0,1.0,3.0,9.0,9.4,8.7,9.2,8.8,9.3,8.7,9.0,9.5,9.0,90.6
Guatemala Acatenango Gesha Lot 4,South America,Wet Process,3.0,1.0,4.0,0.0,3.0,2.0,2.0,3.0,0.0,0.0,2.0,3.0,9.0,9.6,8.9,9.5,8.9,9.5,8.9,8.5,9.7,8.5,91.0
Guatemala Antigua Buena Vista Panameña Cultivar,South America,Wet Process,2.0,1.0,3.0,2.0,2.0,2.0,0.0,2.0,0.0,0.0,1.0,3.0,8.6,8.8,8.5,8.9,8.7,8.8,8.5,8.2,8.9,8.5,86.4
Guatemala Antigua Carmona Pulcal,South America,Wet Process,0.0,1.0,3.0,2.0,1.0,1.0,1.0,2.0,1.0,0.0,1.0,3.0,8.3,8.6,8.5,8.6,8.7,8.3,8.5,8.5,8.3,8.5,84.8
Guatemala Antigua Finca Buena Vista ,South America,Wet Process,0.0,0.0,2.0,3.0,1.0,1.0,0.0,4.0,2.0,0.0,0.0,4.0,8.5,8.7,8.5,8.6,9.2,8.3,8.4,8.5,7.5,8.5,84.69999999999999
Guatemala Antigua Finca Cabrejo,South America,Wet Process,0.0,1.0,3.0,2.0,1.0,1.0,1.0,3.0,1.0,0.0,1.0,4.0,8.5,8.7,8.4,8.7,9.3,8.5,8.7,8.5,8.0,8.5,85.8
Guatemala Antigua Finca Cabrejo,South America,Wet Process,0.0,1.0,3.0,3.0,2.0,1.0,2.0,4.0,2.0,0.0,1.0,4.0,8.6,8.7,8.7,8.7,9.0,8.5,8.6,8.5,8.5,8.5,86.3
Guatemala Antigua Hunapu Ciudad Vieja,South America,Wet Process,0.0,1.0,3.0,2.0,1.0,0.0,0.0,3.0,2.0,0.0,0.0,4.0,8.3,8.6,8.3,8.6,9.2,8.3,8.5,8.4,7.9,8.5,84.60000000000001
Guatemala Antigua La Parcela Melanie,South America,Wet Process,0.0,2.0,3.0,2.0,2.0,1.0,2.0,4.0,1.0,0.0,1.0,4.0,8.6,8.8,8.7,8.8,9.0,8.7,8.7,8.5,8.7,8.5,87.0
Guatemala Antigua Pulcal Inteligente,South America,Wet Process,0.0,0.0,3.0,3.0,1.0,0.0,1.0,3.0,2.0,0.0,1.0,4.0,8.5,8.6,8.4,8.7,9.2,8.5,8.7,8.5,8.5,8.8,86.4
Guatemala Antigua Pulcal Java Cultivar,South America,Wet Process,0.0,1.0,3.0,2.0,1.0,2.0,1.0,3.0,1.0,0.0,0.0,3.0,8.4,8.6,8.7,8.7,8.9,8.5,8.6,8.5,8.6,8.5,86.0
Guatemala Antigua Pulcal Yellow Bourbon,South America,Wet Process,0.0,1.0,3.0,2.0,1.0,0.0,0.0,3.0,1.0,0.0,1.0,3.0,8.3,8.5,8.7,8.6,8.7,8.4,8.5,8.5,8.2,8.1,84.49999999999999
Guatemala Chimaltenango Concepcion Buena Vista,South America,Wet Process,0.0,1.0,3.0,2.0,1.0,1.0,1.0,4.0,2.0,0.0,0.0,4.0,8.3,8.6,8.3,8.6,9.0,8.3,9.0,8.5,8.0,8.5,85.1
Guatemala Chimaltenango Herber Chali,South America,Wet Process,0.0,1.0,2.0,3.0,2.0,2.0,0.0,4.0,2.0,0.0,1.0,3.0,8.4,8.7,8.5,8.6,9.0,8.3,8.5,8.3,8.0,8.3,84.6
Guatemala Chimaltenango Herber Chalí,South America,Wet Process,0.0,1.0,2.0,3.0,1.0,0.0,1.0,3.0,2.0,0.0,1.0,4.0,8.5,8.6,8.4,8.6,9.0,8.3,8.6,8.5,8.3,8.5,85.3
Guatemala Chimaltenango San Martin Jilotepeque,South America,Wet Process,0.0,0.0,2.0,2.0,0.0,0.0,0.0,4.0,2.0,0.0,0.0,4.0,8.2,8.5,8.1,8.5,9.4,8.3,8.4,8.4,7.7,8.5,84.0
Guatemala Cuilco Finca El Regalito,South America,Wet Process,1.0,2.0,4.0,3.0,2.0,1.0,2.0,4.0,1.0,0.0,2.0,4.0,8.7,8.8,8.7,8.9,9.2,8.7,8.8,8.5,8.6,8.5,87.39999999999999
Guatemala Cuilco Finca El Regalito,South America,Wet Process,0.0,2.0,3.0,1.0,2.0,1.0,2.0,3.0,1.0,0.0,1.0,3.0,8.6,8.7,8.6,8.8,8.8,8.6,8.7,8.5,8.5,8.5,86.3
Ethiopia Dry Process Abiyot Bobea,East Africa,Dry Process,2.0,0.0,3.0,2.0,4.0,0.0,4.0,3.0,2.0,2.0,2.0,4.0,8.6,8.8,8.7,9.3,9.0,8.8,8.7,8.1,9.7,8.3,88.0
Guatemala Xinabajul Producers,South America,Wet Process,0.0,0.0,3.0,1.0,1.0,0.0,1.0,3.0,1.0,0.0,0.0,3.0,8.5,8.7,8.5,8.6,8.8,8.5,8.5,8.5,8.4,8.5,85.5
Guatemala Daniel Perez Pacamara,South America,Wet Process,0.0,1.0,3.0,2.0,0.0,0.0,0.0,2.0,2.0,0.0,0.0,2.0,8.5,8.7,8.4,8.6,8.0,8.4,8.7,8.5,8.2,8.5,84.5
Guatemala Honey Process Finca Los Suspiros,South America,Honey Process,1.0,3.0,2.0,1.0,2.0,1.0,2.0,2.0,2.0,0.0,1.0,3.0,8.6,8.8,8.6,8.9,8.8,8.8,8.8,8.5,8.8,8.5,87.1
Guatemala Honey Process Finca Rosma,South America,Honey Process,0.0,3.0,3.0,1.0,2.0,0.0,2.0,3.0,2.0,0.0,0.0,3.0,8.5,8.7,8.5,8.6,9.0,8.0,8.5,8.5,8.2,8.0,84.5
Guatemala Honey Process Finca Rosma,South America,Wet Process,0.0,2.0,3.0,2.0,2.0,1.0,1.0,4.0,1.0,0.0,1.0,4.0,8.6,8.7,8.5,8.7,9.2,8.5,8.6,8.4,8.5,8.3,86.0
Guatemala Huehuetenango Boqueroncito,South America,Wet Process,1.0,3.0,3.0,3.0,2.0,1.0,2.0,4.0,1.0,0.0,2.0,4.0,8.5,8.7,8.6,8.8,9.3,8.6,8.8,8.5,8.7,8.5,87.0
Guatemala Huehuetenango Finca Los Suspiros,South America,Wet Process,0.0,1.0,3.0,2.0,2.0,0.0,2.0,3.0,1.0,0.0,1.0,3.0,8.5,8.7,8.6,8.7,8.6,8.4,8.7,8.3,8.6,8.5,85.6
Guatemala Huehuetenango Xinabajul Producers,South America,Wet Process,0.0,1.0,3.0,1.0,1.0,1.0,0.0,4.0,2.0,0.0,1.0,3.0,8.5,8.5,8.6,8.5,8.7,8.4,8.6,8.5,8.0,8.3,84.6
Guatemala Michicoy Finca Rosma,South America,Wet Process,0.0,1.0,3.0,2.0,1.0,0.0,1.0,3.0,0.0,0.0,0.0,3.0,8.4,8.7,8.6,8.7,8.5,8.5,8.7,8.5,8.4,8.2,85.20000000000002
Guatemala Paraíso La Colibri,South America,Wet Process,0.0,1.0,3.0,0.0,2.0,1.0,2.0,1.0,1.0,0.0,2.0,3.0,8.8,8.8,8.6,8.9,8.6,8.7,8.6,8.5,8.9,8.3,86.7
Guatemala Patzun Finca La Florida,South America,Wet Process,0.0,2.0,3.0,2.0,1.0,0.0,1.0,3.0,0.0,0.0,0.0,3.0,8.6,8.7,8.5,8.7,8.8,8.5,8.7,8.5,8.4,8.5,85.9
Guatemala Xinabajul Productores de Peña,South America,Wet Process,0.0,1.0,2.0,3.0,1.0,0.0,1.0,4.0,2.0,0.0,1.0,4.0,8.5,8.6,8.4,8.7,9.0,8.4,8.6,8.5,8.1,8.5,85.3
Guatemala Patzun Finca Las Camelias,South America,Wet Process,0.0,1.0,2.0,2.0,1.0,1.0,0.0,4.0,2.0,0.0,1.0,4.0,8.3,8.6,8.3,8.5,9.2,8.2,8.6,8.1,8.0,8.5,84.30000000000001
Guatemala Patzún Finca Las Camelias,South America,Wet Process,0.0,1.0,3.0,1.0,2.0,0.0,2.0,3.0,0.0,1.0,2.0,4.0,8.7,8.8,8.5,8.8,8.9,8.7,8.8,8.3,9.0,8.5,86.99999999999999
Guatemala Patzun Finca Santa Anita,South America,Wet Process,1.0,2.0,3.0,3.0,1.0,0.0,1.0,3.0,1.0,0.0,0.0,3.0,8.4,8.6,8.4,8.6,8.7,8.3,8.8,8.5,8.5,8.5,85.3
Guatemala Peña Blanca Familia Villatoro,South America,Wet Process,0.0,0.0,3.0,3.0,2.0,0.0,2.0,3.0,0.0,0.0,1.0,4.0,8.6,8.7,8.5,8.7,9.0,8.5,8.7,8.5,8.7,8.5,86.4
Guatemala Proyecto Xinabajul Bojonalito,South America,Wet Process,0.0,1.0,3.0,2.0,2.0,1.0,2.0,3.0,1.0,0.0,0.0,4.0,8.5,8.7,8.4,8.7,8.7,8.5,8.6,8.3,8.6,8.5,85.5
Guatemala Proyecto Xinabajul Chalum,South America,Wet Process,0.0,0.0,3.0,2.0,1.0,0.0,1.0,3.0,1.0,0.0,1.0,3.0,8.3,8.6,8.5,8.6,8.8,8.5,8.5,8.5,8.0,8.5,84.8
Guatemala Proyecto Xinabajul Cruz Grande,South America,Wet Process,0.0,0.0,3.0,1.0,3.0,1.0,3.0,3.0,0.0,1.0,0.0,4.0,8.7,8.7,8.4,8.9,9.4,8.5,8.6,8.2,8.9,8.3,86.6
Guatemala Proyecto Xinabajul Cuilco,South America,Wet Process,0.0,1.0,2.0,3.0,1.0,1.0,1.0,4.0,1.0,0.0,0.0,4.0,8.6,8.7,7.8,8.7,8.9,8.5,8.7,8.5,8.3,8.3,84.99999999999999
Guatemala Proyecto Xinabajul Donaldo Villatoro,South America,Wet Process,0.0,2.0,3.0,1.0,3.0,1.0,2.0,3.0,1.0,0.0,2.0,3.0,8.7,8.8,8.7,9.0,8.7,8.7,8.7,8.5,8.9,8.5,87.20000000000002
Guatemala Proyecto Xinabajul Familia Castillo,South America,Wet Process,1.0,2.0,4.0,2.0,1.0,0.0,1.0,4.0,0.0,0.0,1.0,4.0,8.6,8.8,8.5,8.8,9.0,8.6,8.8,8.5,8.5,8.5,86.60000000000001
Nicaragua Buenos Aires Los Pinos,South America,Wet Process,0.0,0.0,2.0,2.0,0.0,0.0,0.0,4.0,2.0,1.0,0.0,3.0,8.2,8.5,8.0,8.3,8.8,8.2,8.4,8.3,7.7,8.3,82.7
Guatemala Proyecto Xinabajul La Libertad,South America,Wet Process,0.0,0.0,3.0,2.0,1.0,0.0,1.0,4.0,1.0,0.0,0.0,3.0,8.3,8.5,8.5,8.7,8.8,8.4,8.5,8.4,8.6,8.3,84.99999999999999
Guatemala Proyecto Xinabajul Los Chuchitos,South America,Wet Process,0.0,0.0,3.0,1.0,1.0,0.0,1.0,3.0,1.0,0.0,0.0,3.0,8.2,8.4,8.4,8.6,8.8,8.6,8.6,8.5,8.2,8.2,84.50000000000001
Guatemala Proyecto Xinabajul Paraiso,South America,Wet Process,0.0,1.0,3.0,3.0,0.0,2.0,0.0,4.0,2.0,0.0,0.0,3.0,8.4,8.7,8.6,8.6,8.7,8.3,8.8,8.4,8.3,8.3,85.1
Guatemala Proyecto Xinabajul Peaberry,South America,Wet Process,0.0,0.0,3.0,3.0,1.0,0.0,1.0,3.0,1.0,1.0,1.0,3.0,8.4,8.6,8.4,8.5,8.8,8.2,8.6,8.0,8.5,8.5,84.5
Guatemala Proyecto Xinabajul Peaberry,South America,Wet Process,0.0,2.0,3.0,1.0,1.0,0.0,0.0,3.0,2.0,0.0,1.0,3.0,8.5,8.6,8.5,8.7,8.8,8.5,8.7,8.5,8.3,9.0,86.1
Guatemala Xinabajul Carmelino Sales,South America,Wet Process,0.0,2.0,3.0,3.0,2.0,1.0,2.0,4.0,2.0,0.0,1.0,4.0,8.5,8.8,8.5,8.8,9.5,8.5,8.7,8.5,8.7,8.3,86.8
Guatemala Xinabajul Cuchumatanes Producers,South America,Wet Process,0.0,1.0,3.0,2.0,1.0,1.0,0.0,4.0,2.0,0.0,0.0,4.0,8.3,8.5,8.4,8.5,8.8,8.3,8.6,8.4,8.2,8.5,84.5
Guatemala Xinabajul Familia Villatoro,South America,Wet Process,0.0,0.0,3.0,2.0,1.0,1.0,1.0,4.0,2.0,0.0,0.0,4.0,8.5,8.7,8.4,8.6,9.5,8.5,8.5,8.5,8.0,8.5,85.7
Guatemala Xinabajul Flavio Martinez,South America,Wet Process,1.0,0.0,3.0,2.0,3.0,1.0,3.0,3.0,1.0,0.0,0.0,3.0,8.7,8.8,8.6,8.9,8.7,8.7,8.7,8.5,8.8,8.5,86.9
Guatemala Xinabajul La Libertad,South America,Wet Process,0.0,1.0,3.0,2.0,1.0,0.0,1.0,4.0,2.0,0.0,1.0,4.0,8.4,8.7,8.5,8.7,9.3,8.3,8.7,8.5,8.4,8.2,85.7
Nicaragua Dipilto Monte Libano,South America,Wet Process,0.0,1.0,2.0,3.0,1.0,0.0,1.0,4.0,2.0,0.0,0.0,4.0,8.3,8.5,8.2,8.5,9.0,8.2,8.4,8.5,7.5,8.5,83.6
Guatemala Xinabajul Marca Roja,South America,Wet Process,0.0,1.0,4.0,3.0,1.0,0.0,0.0,4.0,1.0,0.0,0.0,4.0,8.4,8.6,8.1,8.6,8.8,8.4,9.0,8.5,8.0,8.5,84.9
Guatemala Xinabajul Mejor de Ixchil,South America,Wet Process,1.0,0.0,3.0,2.0,2.0,0.0,2.0,4.0,1.0,0.0,1.0,3.0,8.6,8.6,8.5,8.7,8.8,8.4,8.7,8.3,8.5,8.5,85.6
Guatemala Xinabajul Mejor de Libertad,South America,Wet Process,0.0,1.0,3.0,4.0,1.0,0.0,1.0,4.0,2.0,0.0,1.0,4.0,8.6,8.9,8.6,8.8,8.8,8.7,9.0,8.7,8.4,8.5,87.00000000000001
Guatemala Xinabajul Mejor de Peña,South America,Wet Process,0.0,2.0,3.0,3.0,1.0,0.0,1.0,4.0,1.0,0.0,1.0,8.7,8.7,8.5,8.7,9.0,8.5,8.6,8.5,8.4,8.5,86.1,
Honduras Buenos Aires Community,South America,Wet Process,0.0,1.0,2.0,2.0,1.0,1.0,1.0,3.0,2.0,0.0,1.0,3.0,8.4,8.6,8.5,8.6,8.8,8.3,8.4,8.3,7.9,8.3,84.10000000000001
Honduras Cerro Negro La Lesquiñada,South America,Wet Process,0.0,0.0,3.0,2.0,2.0,0.0,2.0,4.0,2.0,1.0,0.0,4.0,8.5,8.7,8.4,8.6,8.9,8.4,8.6,8.3,8.7,8.3,85.4
Honduras Comayagua Angel Vasquez,South America,Wet Process,0.0,0.0,2.0,2.0,2.0,2.0,1.0,3.0,1.0,1.0,1.0,3.0,8.2,8.5,8.6,8.6,8.5,8.3,8.3,8.3,8.7,8.5,84.5
Honduras Comayagua Nueva Alianza,South America,Wet Process,0.0,1.0,3.0,2.0,2.0,2.0,1.0,4.0,2.0,1.0,0.0,4.0,8.6,8.7,8.6,8.7,8.8,8.5,8.6,8.3,8.7,8.5,86.0
Honduras Corquín Sergio Romero,South America,Wet Process,0.0,1.0,2.0,2.0,1.0,1.0,1.0,3.0,1.0,1.0,1.0,4.0,8.2,8.6,8.3,8.5,8.8,8.3,8.4,8.2,8.5,8.5,84.29999999999998
Honduras San Sebastian Renan Perez,South America,Wet Process,0.0,0.0,2.0,3.0,2.0,1.0,0.0,3.0,1.0,1.0,2.0,3.0,8.4,8.6,8.5,8.7,8.9,8.2,8.5,8.3,8.7,8.5,85.3
Panama La Esmeralda Gesha 1500,South America,Wet Process,4.0,0.0,3.0,0.0,3.0,3.0,1.0,0.0,0.0,0.0,2.0,4.0,9.2,9.7,8.8,9.6,9.0,9.5,8.7,9.0,9.8,9.0,92.3
Mexico Special Prep Ixhuatlan Jesus Alberto,South America,Other Processes,0.0,1.0,3.0,2.0,2.0,0.0,2.0,4.0,2.0,0.0,0.0,4.0,8.5,8.6,8.4,8.6,9.4,8.3,8.5,8.5,8.2,8.5,85.5
Nicaragua Acopio Suyatal,South America,Wet Process,0.0,1.0,3.0,2.0,1.0,0.0,1.0,4.0,2.0,0.0,0.0,4.0,8.3,8.5,8.4,8.6,9.0,8.3,8.5,8.5,7.7,8.5,84.30000000000001
Nicaragua Acopio Suyatal,South America,Wet Process,0.0,0.0,2.0,2.0,1.0,0.0,0.0,3.0,2.0,0.0,0.0,3.0,8.3,8.5,8.3,8.5,8.8,8.3,8.4,8.5,7.7,8.5,83.8
Nicaragua Dipilto Finca La Laguna,South America,Wet Process,0.0,1.0,2.0,2.0,0.0,0.0,0.0,4.0,2.0,0.0,1.0,3.0,8.0,8.5,8.3,8.3,8.9,8.0,8.2,8.5,7.5,9.0,83.2
Nicaragua Dipilto Monte Libano,South America,Wet Process,0.0,1.0,3.0,2.0,1.0,0.0,0.0,3.0,2.0,0.0,0.0,3.0,8.3,8.5,7.9,8.5,8.8,8.5,8.5,8.5,7.5,8.5,83.5
Nicaragua Dry Process Acopio Suyatal,South America,Dry Process,0.0,2.0,2.0,1.0,4.0,1.0,3.0,3.0,2.0,1.0,1.0,4.0,8.7,8.5,8.2,8.9,9.1,8.7,8.7,7.9,9.5,8.3,86.5
Nicaragua Dry Process Buenos Aires Caturra,South America,Dry Process,0.0,0.0,3.0,1.0,3.0,1.0,3.0,3.0,2.0,2.0,0.0,3.0,8.7,8.8,8.2,8.8,9.0,8.6,8.5,8.0,9.0,8.2,85.8
Nicaragua Dry Process Buenos Aires Java,South America,Dry Process,0.0,0.0,3.0,1.0,3.0,1.0,2.0,3.0,0.0,1.0,1.0,4.0,8.5,8.7,8.3,8.7,9.0,8.2,8.6,8.0,8.9,8.5,85.4
Nicaragua Dry Process Buenos Aires Maracaturra,South America,Dry Process,0.0,1.0,2.0,2.0,3.0,1.0,3.0,3.0,2.0,2.0,0.0,3.0,8.6,8.7,8.2,8.7,8.5,8.5,8.5,8.1,8.9,8.3,85.0
Nicaragua Finca Buenos Aires Lot 1,South America,Wet Process,0.0,0.0,2.0,2.0,1.0,0.0,0.0,3.0,2.0,0.0,1.0,3.0,8.2,8.5,8.4,8.5,8.6,8.2,8.4,8.5,7.8,8.5,83.60000000000001
Sumatra Gayo Bintang DiRahmah,Southeast Asia,Wet Hulled,0.0,1.0,3.0,1.0,2.0,1.0,1.0,2.0,0.0,3.0,2.0,3.0,8.3,8.5,8.5,8.7,8.8,8.1,8.4,7.3,9.4,8.0,84.0
Nicaragua Finca Buenos Aires Lot 1,South America,Machine Washed,0.0,1.0,2.0,2.0,1.0,0.0,0.0,4.0,2.0,0.0,1.0,4.0,8.3,8.6,8.3,8.6,9.0,8.2,8.5,8.5,8.0,8.5,84.5
Nicaragua Finca Buenos Aires Lot 2,South America,Wet Process,0.0,0.0,2.0,2.0,1.0,0.0,0.0,3.0,2.0,0.0,1.0,3.0,8.2,8.4,8.3,8.5,8.6,8.2,8.4,8.3,7.8,8.5,83.2
Nicaragua Jinotega Finca El Lino,South America,Wet Process,0.0,0.0,2.0,2.0,1.0,0.0,0.0,4.0,2.0,0.0,0.0,4.0,8.2,8.5,8.3,8.5,9.3,8.5,8.4,8.5,7.8,8.5,84.49999999999999
Panama Dry Process Finca Bambito Gesha,South America,Dry Process,4.0,2.0,4.0,0.0,2.0,2.0,2.0,0.0,0.0,0.0,1.0,4.0,9.7,9.7,8.7,9.8,9.0,9.5,9.0,9.5,9.8,8.5,93.2
Panama Honey Process Paso Ancho,South America,Honey Process,0.0,3.0,2.0,1.0,1.0,0.0,0.0,3.0,2.0,1.0,0.0,4.0,8.3,8.6,8.0,8.5,9.4,8.3,8.5,8.3,8.6,8.5,84.99999999999999
Panama Volcán Barú Estate,South America,Wet Process,0.0,1.0,2.0,2.0,0.0,0.0,0.0,3.0,2.0,0.0,0.0,3.0,8.3,8.5,8.4,8.5,8.5,8.3,8.4,8.2,7.9,9.0,84.0
Burundi Collines SWP Decaf,East Africa,Wet Process then SWP Decaf,0.0,0.0,2.0,2.0,1.0,0.0,0.0,3.0,1.0,1.0,1.0,2.0,7.9,8.1,7.5,8.0,8.7,8.1,8.3,7.7,8.8,9.0,82.10000000000001
Ethiopia Kafa Farmers SWP Decaf,East Africa,Water Process Decaf,0.0,2.0,3.0,2.0,2.0,2.0,1.0,3.0,0.0,1.0,1.0,3.0,8.4,8.6,8.2,8.6,8.8,8.3,8.5,8.3,8.6,9.0,85.29999999999998
Ethiopia Organic Limu SWP DP Decaf,East Africa,Wet Process then SWP Decaf,1.0,1.0,2.0,2.0,2.0,0.0,2.0,3.0,0.0,2.0,1.0,3.0,8.4,8.6,8.2,8.5,8.7,8.3,8.5,7.5,9.0,9.0,84.7
Indonesia Nusantara SWP Decaf,Southeast Asia,Water Process Decaf,0.0,0.0,2.0,2.0,0.0,0.0,0.0,3.0,0.0,1.0,0.0,3.0,8.2,8.3,8.3,8.4,8.8,7.7,8.2,7.6,8.0,9.0,82.5
Sumatra Honey Process Kerinci Seblat,Southeast Asia,Honey Process,0.0,3.0,3.0,0.0,3.0,2.0,1.0,2.0,0.0,2.0,2.0,4.0,8.7,8.8,8.2,8.9,9.0,8.5,8.7,7.9,9.3,8.1,86.1
Rwanda Nyamasheke SWP Decaf,East Africa,Water Process Decaf,0.0,1.0,2.0,2.0,1.0,0.0,0.0,3.0,0.0,1.0,0.0,2.0,8.2,8.3,7.5,8.3,8.4,8.2,8.3,8.0,7.7,9.5,82.39999999999999
Java Sunda Wet Hulled Mitra,Southeast Asia,Giling Basah,0.0,1.0,3.0,1.0,3.0,0.0,2.0,2.0,0.0,4.0,1.0,5.0,8.5,8.6,7.6,8.6,9.2,8.2,8.4,7.2,9.5,8.0,83.8
Bali Wet Hulled Bangli Kintamani,Southeast Asia,Wet Hulled,0.0,0.0,3.0,1.0,2.0,0.0,1.0,3.0,1.0,3.0,1.0,4.0,7.8,8.2,7.5,8.3,9.0,7.7,8.5,7.0,8.8,8.2,81.0
Flores Ata Gae,Southeast Asia,Wet Process,0.0,0.0,2.0,2.0,2.0,2.0,0.0,2.0,0.0,0.0,1.0,3.0,8.3,8.5,8.7,8.7,8.6,8.5,8.5,8.4,8.5,8.5,85.2
Flores Honey Process Laga Lizu Marselina,Southeast Asia,Honey Process,0.0,0.0,2.0,0.0,2.0,0.0,2.0,2.0,0.0,2.0,1.0,2.0,8.3,8.5,8.5,8.5,8.6,8.1,8.3,8.0,8.7,8.0,83.5
Flores Tangkul Village,Southeast Asia,Wet Process,0.0,1.0,3.0,2.0,1.0,0.0,0.0,3.0,0.0,0.0,0.0,3.0,8.5,8.6,8.5,8.5,8.8,8.5,8.5,8.5,7.7,8.5,84.60000000000001
Flores Wolo Wio,Southeast Asia,Wet Process,0.0,0.0,2.0,2.0,0.0,0.0,0.0,4.0,2.0,1.0,0.0,4.0,8.2,8.4,8.0,8.4,9.0,8.3,8.3,8.2,7.7,8.5,83.0
Java Sunda Wet Hulled Garut,Southeast Asia,Wet Hulled,0.0,0.0,2.0,2.0,0.0,0.0,0.0,3.0,0.0,4.0,2.0,4.0,7.8,8.1,7.5,8.0,9.3,7.6,8.3,7.0,9.5,8.2,81.30000000000001
Java Sunda Wet Hulled Panawa,Southeast Asia,Wet Hulled,0.0,0.0,2.0,1.0,0.0,0.0,0.0,4.0,1.0,3.0,1.0,4.0,7.6,8.0,7.3,8.4,9.5,7.9,8.3,7.4,9.5,8.0,81.9
Java Wet Hulled Frinsa Estate,Southeast Asia,Wet Hulled,0.0,0.0,2.0,2.0,1.0,1.0,0.0,5.0,1.0,4.0,2.0,5.0,7.5,8.2,7.0,8.0,9.8,8.0,8.3,7.0,9.3,8.2,81.3
Sumatra Kerinci Honey Labu Tujuh Coop,Southeast Asia,Other Processes,0.0,1.0,4.0,1.0,3.0,2.0,3.0,3.0,0.0,2.0,2.0,4.0,8.5,8.8,8.4,8.8,9.3,8.3,8.9,7.5,9.2,8.0,85.7
Sulawesi Red Honey Tana Luwu,Southeast Asia,Honey Process,0.0,1.0,3.0,1.0,3.0,1.0,3.0,1.0,0.0,1.0,2.0,3.0,8.7,8.7,8.7,8.9,8.8,8.7,8.6,8.4,8.8,8.5,86.8
Sulawesi Yellow Honey Tana Luwu ,Southeast Asia,Honey Process,0.0,1.0,2.0,2.0,1.0,0.0,0.0,3.0,2.0,2.0,1.0,4.0,8.2,8.5,8.3,8.5,9.3,8.2,8.4,8.2,8.7,8.3,84.6
Sumatra Aceh Bebesen Auliya,Southeast Asia,Wet Hulled,0.0,0.0,2.0,1.0,2.0,1.0,1.0,2.0,0.0,3.0,2.0,4.0,8.1,8.3,8.2,8.6,8.9,8.2,8.5,7.7,9.0,8.2,83.7
Sumatra Aceh Tenang Uken,Southeast Asia,Wet Hulled,0.0,1.0,3.0,2.0,1.0,0.0,1.0,3.0,1.0,5.0,2.0,4.0,7.7,8.0,7.4,8.3,9.0,7.9,8.5,7.0,9.8,8.0,81.60000000000001
Sumatra Aceh Tengah Bies,Southeast Asia,Wet Hulled,0.0,0.0,3.0,2.0,1.0,1.0,1.0,4.0,0.0,4.0,2.0,4.0,8.2,8.4,7.3,8.5,9.3,8.0,8.4,7.0,9.5,8.0,82.6
Sumatra Aceh Tengah Bies,Southeast Asia,Giling Basah,0.0,0.0,3.0,2.0,1.0,1.0,1.0,4.0,0.0,4.0,2.0,4.0,8.0,8.4,7.6,8.5,9.3,7.2,8.6,7.0,9.5,8.0,82.1
Sumatra Blue Toba Sibisa Motung,Southeast Asia,Wet Hulled,0.0,0.0,3.0,2.0,1.0,0.0,1.0,4.0,0.0,3.0,1.0,4.0,8.2,8.5,8.0,8.5,9.3,8.2,8.5,7.2,9.0,7.8,83.2
Sumatra Dry Process Aceh Bebesen,Southeast Asia,Dry Process,0.0,1.0,2.0,2.0,4.0,1.0,3.0,3.0,0.0,4.0,2.0,4.0,7.7,8.8,8.1,8.8,9.2,8.5,8.5,7.0,9.5,8.0,84.10000000000001
Sumatra Dry Process Gunung Tujuh,Southeast Asia,Dry Process,0.0,1.0,3.0,0.0,4.0,1.0,2.0,3.0,0.0,4.0,2.0,5.0,8.4,8.6,7.0,9.0,9.6,8.7,8.7,7.6,9.8,8.0,85.39999999999999
Sumatra Honey Labu Aceh Mengaya,Southeast Asia,Other Processes,0.0,2.0,3.0,1.0,3.0,2.0,3.0,2.0,0.0,3.0,2.0,4.0,8.7,8.9,8.2,9.0,9.0,8.5,8.6,7.5,9.6,7.8,85.8
Brazil Dry Process Fazenda Serrinha,South America,Dry Process,0.0,1.0,2.0,1.0,1.0,0.0,0.0,4.0,3.0,2.0,0.0,3.0,8.1,8.3,7.3,8.2,8.8,7.8,8.2,8.0,8.5,8.0,81.2
Sumatra Honey Process Bebesen Aulia,Southeast Asia,Honey Process,0.0,3.0,2.0,1.0,2.0,2.0,2.0,3.0,0.0,1.0,1.0,3.0,8.5,8.6,8.6,8.7,8.8,8.5,8.7,8.5,8.9,8.2,86.00000000000001
Sumatra Honey Process Bebesen Auliya,Southeast Asia,Honey Process,0.0,1.0,3.0,1.0,1.0,0.0,1.0,3.0,0.0,2.0,2.0,3.0,8.2,8.5,8.3,8.6,8.8,8.2,8.5,8.3,8.7,8.5,84.60000000000001
Sumatra Honey Process Kerinci Seblat,Southeast Asia,Honey Process,0.0,3.0,3.0,0.0,3.0,2.0,1.0,2.0,0.0,2.0,2.0,4.0,8.7,8.8,8.2,8.9,9.0,8.5,8.7,7.9,9.3,8.1,86.1
Sumatra Kerinci Tujuh Cooperative,Southeast Asia,Giling Basah,0.0,2.0,3.0,1.0,2.0,0.0,2.0,3.0,2.0,3.0,1.0,4.0,8.5,8.6,8.1,8.8,9.0,8.4,8.6,8.2,9.2,8.0,85.4
Sumatra Lintong Sigumpar Village,Southeast Asia,Wet Hulled,0.0,1.0,3.0,1.0,2.0,0.0,2.0,3.0,0.0,4.0,1.0,4.0,8.3,8.5,8.0,8.7,9.0,8.4,8.6,7.3,9.5,8.3,84.6
Sumatra Sipangan Bolon Parapat Village,Southeast Asia,Wet Hulled,0.0,1.0,3.0,1.0,2.0,2.0,1.0,3.0,0.0,4.0,1.0,4.0,7.9,8.3,8.4,8.7,9.2,8.0,8.4,7.0,9.7,8.1,83.7
Sumatra Wet Hulled Lues Cike,Southeast Asia,Giling Basah,1.0,1.0,3.0,0.0,2.0,1.0,2.0,2.0,1.0,3.0,1.0,4.0,8.0,8.3,8.2,8.5,8.8,8.2,8.3,7.8,9.0,8.0,83.1
Sumatra Wet Process Gunung Tujuh,Southeast Asia,Wet Process,0.0,1.0,3.0,2.0,1.0,2.0,0.0,2.0,1.0,1.0,0.0,2.0,8.4,8.6,8.6,8.7,8.0,8.3,8.6,8.3,8.7,8.3,84.5
Sumatra Wet Process Pantan Musara,Southeast Asia,Wet Process,0.0,2.0,3.0,1.0,1.0,1.0,0.0,4.0,0.0,1.0,2.0,4.0,8.5,8.7,8.5,8.8,9.0,8.3,8.5,7.7,8.9,8.2,85.10000000000001
Timor Leste Dry Process Haupu,Southeast Asia,Dry Process,0.0,0.0,3.0,0.0,3.0,2.0,3.0,2.0,0.0,2.0,1.0,3.0,8.6,8.8,8.6,8.8,8.8,8.3,8.5,8.0,9.2,8.3,85.89999999999999
Colombia Caicedo Las Alegrias,South America,Wet Process,0.0,1.0,3.0,0.0,2.0,0.0,2.0,3.0,1.0,1.0,1.0,3.0,8.6,8.7,8.5,8.7,8.8,8.3,8.6,8.5,8.7,8.4,85.8
Timor Leste Dukurai Daurfusu,Southeast Asia,Wet Process,0.0,0.0,2.0,0.0,2.0,2.0,0.0,4.0,1.0,1.0,1.0,3.0,8.3,8.5,8.4,8.6,8.5,8.3,8.5,8.2,8.8,8.5,84.60000000000001
Timor Leste Haupu Lutlala,Southeast Asia,Wet Process,0.0,1.0,2.0,2.0,1.0,1.0,0.0,3.0,2.0,0.0,1.0,3.0,8.2,8.4,8.1,8.5,8.7,8.3,8.4,8.5,8.0,9.0,84.1
Timor Leste Honey Process Haupu,Southeast Asia,Honey Process,0.0,1.0,3.0,0.0,2.0,1.0,0.0,0.0,1.0,0.0,1.0,2.0,8.3,8.6,8.4,8.6,8.2,8.5,8.6,8.5,8.8,8.5,84.99999999999999
Timor Leste Mobere,Southeast Asia,Wet Process,0.0,1.0,2.0,1.0,1.0,1.0,1.0,3.0,1.0,0.0,1.0,2.0,8.3,8.5,8.6,8.6,8.3,8.2,8.6,8.3,8.1,8.3,83.8
Papua New Guinea Baroida Estate,Southeast Asia,Wet Process,0.0,3.0,2.0,1.0,2.0,2.0,2.0,2.0,0.0,3.0,2.0,3.0,8.3,8.4,8.3,8.6,8.8,7.9,8.7,7.2,9.0,8.5,83.7
Papua New Guinea Baroida Estate,Southeast Asia,Wet Process,0.0,1.0,3.0,0.0,3.0,2.0,2.0,2.0,0.0,3.0,2.0,3.0,8.5,8.7,8.6,8.7,8.5,8.3,8.6,7.7,9.0,8.5,85.1
Papua New Guinea Kainantu Farmers,Southeast Asia,Wet Process,0.0,0.0,3.0,2.0,3.0,2.0,2.0,2.0,0.0,2.0,2.0,4.0,8.4,8.6,8.7,8.7,9.0,8.2,8.7,8.0,8.8,8.5,85.6
Papua New Guinea Kainantu Urara  ,Southeast Asia,Wet Process,0.0,2.0,3.0,3.0,2.0,2.0,2.0,2.0,0.0,0.0,2.0,3.0,8.5,8.6,8.8,8.8,9.0,8.5,8.7,8.4,8.8,8.5,86.60000000000001
Brazil Colinas de Pedralva,South America,Dry Process,0.0,1.0,2.0,2.0,2.0,0.0,2.0,2.0,3.0,2.0,0.0,4.0,7.8,8.3,8.0,8.3,9.0,7.9,8.4,7.5,8.8,8.2,82.2
Brazil Dry Process Agricultores Lambari,South America,Dry Process,0.0,1.0,2.0,1.0,2.0,0.0,2.0,4.0,4.0,1.0,0.0,3.0,8.2,8.3,7.5,8.6,8.8,8.3,8.4,7.2,8.8,8.0,82.1
Ethiopia Dry Process Mansur Aba Hikam,East Africa,Dry Process,1.0,0.0,3.0,0.0,4.0,2.0,3.0,1.0,0.0,1.0,2.0,3.0,9.0,8.7,9.0,9.3,8.8,9.2,8.8,8.2,9.4,8.5,88.9
Colombia Honey Process Nariño Aponte,South America,Honey Process,0.0,1.0,3.0,1.0,2.0,1.0,2.0,4.0,1.0,1.0,2.0,4.0,8.6,8.7,8.3,8.6,9.0,8.5,8.6,8.3,8.6,8.2,85.39999999999999
Brazil Dry Process Conceicao das Pedras,South America,Dry Process,0.0,0.0,3.0,3.0,1.0,0.0,0.0,4.0,3.0,1.0,0.0,4.0,8.0,8.4,7.3,8.3,9.2,7.8,8.2,8.0,8.7,8.2,82.10000000000001
Brazil Dry Process Fazenda Agua Limpia,South America,Dry Process,0.0,1.0,2.0,2.0,1.0,0.0,1.0,4.0,3.0,1.0,0.0,3.0,8.2,8.3,7.6,8.3,8.8,7.8,8.2,7.9,8.7,8.2,82.00000000000001
Brazil Dry Process Fazenda Alta Vista,South America,Dry Process,0.0,1.0,2.0,2.0,1.0,0.0,0.0,4.0,3.0,1.0,0.0,3.0,8.0,8.1,7.6,8.3,9.0,7.9,8.2,7.9,8.6,8.2,81.8
Brazil Dry Process Minas Café Pequeño,South America,Dry Process,0.0,0.0,2.0,2.0,1.0,0.0,1.0,4.0,3.0,2.0,1.0,3.0,7.7,8.2,7.8,8.3,8.8,7.9,8.2,7.5,9.0,8.0,81.39999999999999
Brazil Dry Process Pedra Branca Lot 2,South America,Dry Process,0.0,1.0,2.0,2.0,1.0,0.0,0.0,4.0,3.0,2.0,1.0,4.0,7.8,8.2,7.2,8.3,8.7,7.8,8.0,7.0,8.5,8.0,79.5
Brazil Dry Process Pedra Branca Yellow Bourbon,South America,Dry Process,0.0,0.0,2.0,2.0,2.0,0.0,2.0,4.0,3.0,1.0,0.0,4.0,8.2,8.5,7.7,8.5,9.0,7.8,8.3,7.8,9.3,8.0,83.1
Brazil Dry Process Sítio Alto da Serra,South America,Dry Process,0.0,1.0,2.0,2.0,1.0,0.0,1.0,4.0,4.0,2.0,0.0,3.0,8.0,8.4,7.7,8.3,8.8,8.1,8.3,7.9,7.6,8.3,81.4
Brazil Dry Process Sítio Cocho Velho,South America,Dry Process,0.0,1.0,2.0,2.0,0.0,0.0,0.0,2.0,3.0,0.0,0.0,3.0,8.2,8.4,7.2,8.3,8.4,7.9,8.2,7.5,8.3,7.8,80.19999999999999
Brazil Dry Process Sitio Sao Jose,South America,Dry Process,0.0,1.0,2.0,2.0,1.0,0.0,1.0,4.0,3.0,2.0,0.0,4.0,7.8,8.2,7.4,8.2,9.0,7.9,8.2,7.4,8.9,8.0,81.0
Brazil Minasul Competition Heitor Santana Botelho,South America,Dry Process,0.0,0.0,2.0,2.0,0.0,0.0,0.0,3.0,2.0,2.0,0.0,3.0,7.8,7.9,6.7,7.9,8.8,7.0,8.0,7.0,7.5,8.5,77.1
Colombia Ibagué Rio Combeima,South America,Wet Process,0.0,2.0,3.0,2.0,2.0,0.0,2.0,1.0,0.0,1.0,2.0,3.0,8.6,8.7,8.5,8.7,8.9,8.5,8.6,8.2,8.6,8.2,85.5
Brazil Pulp Natural Fazenda Alta Vista,South America,Pulp Natural,0.0,0.0,2.0,2.0,0.0,0.0,0.0,3.0,2.0,1.0,0.0,2.0,7.9,8.1,7.2,8.3,8.3,7.5,8.2,7.3,8.7,8.0,79.5
Brazil Pulp Natural Fazenda Santa Lucia,South America,Pulp Natural,0.0,1.0,2.0,2.0,1.0,0.0,1.0,3.0,3.0,1.0,0.0,3.0,8.2,8.3,7.6,8.3,8.7,8.0,8.1,8.0,8.6,8.0,81.80000000000001
Brazil Pulp Natural Fazenda Sertao Yellow Bourbon,South America,Pulp Natural,0.0,1.0,2.0,2.0,0.0,0.0,0.0,4.0,3.0,1.0,0.0,4.0,8.0,8.3,7.6,8.3,8.8,7.9,8.2,7.7,8.7,8.0,81.5
Brazil Pulp Natural Pedra Branca,South America,Pulp Natural,0.0,1.0,2.0,2.0,1.0,0.0,1.0,3.0,3.0,1.0,1.0,3.0,7.8,8.2,7.9,8.3,8.6,7.7,8.0,8.0,8.3,8.2,81.0
Colombia Buesaco Alianza de Granjeros,South America,Wet Process,0.0,1.0,3.0,2.0,2.0,0.0,2.0,3.0,1.0,0.0,2.0,4.0,8.6,8.8,8.6,9.0,9.0,8.8,8.7,8.5,8.8,8.2,87.0
Colombia Buesaco Luis Fernando Benavidez,South America,Wet Process,0.0,1.0,3.0,3.0,1.0,0.0,1.0,3.0,2.0,0.0,0.0,3.0,8.6,8.7,8.5,8.7,8.8,8.5,8.6,8.4,8.5,8.3,85.6
Colombia Buesaco Veredas Vecinas,South America,Wet Process,1.0,2.0,3.0,3.0,2.0,0.0,0.0,4.0,1.0,0.0,0.0,3.0,8.4,8.7,8.5,8.6,8.8,8.3,8.6,8.3,8.3,8.5,85.0
Colombia Caicedo Bernardo Montoya,South America,Wet Process,0.0,1.0,2.0,2.0,1.0,0.0,1.0,3.0,2.0,1.0,1.0,2.0,8.2,8.5,8.2,8.5,8.5,8.4,8.4,8.3,8.7,8.3,84.0
Colombia Caicedo Las Alegrías,South America,Wet Process,0.0,0.0,2.0,1.0,2.0,1.0,2.0,2.0,0.0,1.0,2.0,3.0,8.5,8.7,8.3,8.6,8.7,8.4,8.6,8.2,8.8,8.2,85.0
Colombia Doña Yessica Heirloom Caturra,South America,Wet Process,2.0,1.0,3.0,0.0,2.0,1.0,2.0,1.0,0.0,0.0,2.0,3.0,8.8,9.0,8.7,9.1,8.8,9.2,8.7,8.6,9.0,8.3,88.2
Colombia Tolima Productores de Ibagué,South America,Wet Process,0.0,1.0,3.0,3.0,2.0,0.0,2.0,4.0,1.0,1.0,2.0,4.0,8.7,8.8,8.0,8.8,9.3,8.6,8.7,8.5,8.8,8.5,86.69999999999999
Colombia Dry Process Palomos del Sur,South America,Dry Process,0.0,1.0,3.0,2.0,3.0,2.0,3.0,3.0,1.0,2.0,1.0,4.0,8.7,8.8,8.5,8.8,8.8,8.3,8.6,8.2,9.1,8.3,86.09999999999998
Colombia Grupo de Caicedo,South America,Wet Process,0.0,2.0,3.0,2.0,2.0,2.0,2.0,1.0,0.0,1.0,2.0,3.0,8.7,8.8,8.6,9.0,8.7,8.7,8.7,8.2,9.0,8.5,86.9
Colombia Honey Las Aguilas Gesha,South America,Honey Process,3.0,1.0,3.0,1.0,3.0,2.0,3.0,1.0,0.0,1.0,1.0,3.0,9.3,9.5,8.5,9.3,8.9,9.2,8.8,8.5,9.5,8.5,90.0
Colombia Honey Process Aponte Community,South America,Honey Process,0.0,2.0,3.0,2.0,3.0,1.0,3.0,3.0,1.0,2.0,1.0,3.0,8.7,8.8,8.6,8.8,8.6,8.5,8.7,8.2,8.9,8.0,85.80000000000001
Colombia Ibagué Rio Combeima,South America,Wet Process,0.0,0.0,3.0,1.0,2.0,2.0,2.0,2.0,0.0,1.0,0.0,3.0,8.5,8.7,8.5,8.7,8.5,8.5,8.5,8.3,8.8,8.0,85.0
Colombia Inzá Carlos Apio,South America,Wet Process,0.0,1.0,3.0,0.0,3.0,1.0,2.0,2.0,0.0,1.0,2.0,3.0,8.6,8.7,8.2,8.8,8.5,8.4,8.8,8.2,8.9,8.3,85.4
Colombia Inzá Las Estrellas,South America,Wet Process,0.0,3.0,3.0,1.0,2.0,1.0,1.0,3.0,0.0,0.0,1.0,3.0,8.5,8.8,8.6,8.8,9.0,8.5,8.7,8.5,8.8,8.5,86.7
Colombia Inzá Las Estrellas,South America,Wet Process,1.0,3.0,2.0,0.0,2.0,1.0,2.0,3.0,0.0,0.0,1.0,3.0,8.7,8.8,8.6,9.0,9.0,8.7,8.8,8.5,8.5,8.5,87.1
Colombia Inzá Palomos del Sur,South America,Wet Process,0.0,0.0,3.0,1.0,1.0,1.0,2.0,2.0,0.0,1.0,1.0,3.0,8.3,8.6,8.4,8.5,8.7,8.2,8.5,8.3,8.7,8.5,84.7
Colombia Inzá Rio Paez ,South America,Wet Process,0.0,2.0,3.0,1.0,2.0,1.0,2.0,3.0,0.0,0.0,1.0,3.0,8.5,8.7,8.5,8.7,8.8,8.3,8.6,8.3,8.6,8.5,85.5
Sweet Maria's Polar Expresso Holiday Blend,NA,Other Processes,1.0,0.0,4.0,4.0,3.0,3.0,3.0,5.0,0.0,1.0,2.0,4.0,8.7,9.0,8.7,9.0,9.5,9.1,9.0,8.2,9.3,9.5,90.0
Colombia Inzá Vereda San Antonio,South America,Wet Process,0.0,1.0,3.0,1.0,1.0,0.0,1.0,2.0,0.0,0.0,2.0,3.0,8.6,8.7,8.5,8.7,8.7,8.2,8.7,8.2,8.7,8.0,85.00000000000001
Colombia Inzá Veredas Vecinas,South America,Wet Process,0.0,1.0,3.0,2.0,1.0,0.0,1.0,3.0,2.0,0.0,1.0,3.0,8.5,8.6,8.4,8.7,8.7,8.5,8.6,8.5,8.5,8.5,85.5
Colombia Inzá Veredas Vecinas,South America,Wet Process,0.0,1.0,3.0,2.0,1.0,0.0,1.0,4.0,0.0,2.0,1.0,4.0,8.3,8.6,8.4,8.6,9.0,8.0,8.6,7.8,8.0,8.7,84.0
Colombia Inzá Veredas Vecinas,South America,Wet Process,0.0,1.0,3.0,1.0,2.0,1.0,2.0,2.0,1.0,1.0,1.0,2.0,8.5,8.6,8.5,8.7,8.2,8.2,8.5,8.3,8.6,8.5,84.6
Colombia Machín Rosemberg Martínez,South America,Wet Process,0.0,2.0,2.0,0.0,2.0,1.0,2.0,1.0,0.0,1.0,2.0,3.0,8.5,8.7,8.5,8.7,8.3,8.4,8.6,8.2,8.8,8.2,84.9
Colombia Nariño Las Estrellas,South America,Wet Process,1.0,3.0,4.0,2.0,2.0,2.0,2.0,2.0,1.0,0.0,0.0,4.0,8.8,9.0,8.6,9.2,8.8,8.7,9.3,8.7,8.9,8.5,88.5
Colombia Nariño Mejor de San Pedro,South America,Wet Process,1.0,3.0,2.0,2.0,2.0,2.0,1.0,2.0,0.0,0.0,2.0,4.0,8.7,8.8,8.7,8.8,9.0,8.7,9.0,8.7,8.8,8.5,87.7
Colombia Pavon Finca Los Palomos,South America,Wet Process,1.0,0.0,3.0,1.0,2.0,1.0,2.0,2.0,0.0,1.0,1.0,4.0,8.7,8.8,8.2,9.0,9.0,8.6,8.5,8.3,9.0,8.2,86.30000000000001
Colombia Pavón Finca Los Palomos,South America,Wet Process,0.0,1.0,3.0,2.0,2.0,2.0,2.0,2.0,0.0,1.0,2.0,3.0,8.7,9.0,8.5,8.8,8.8,8.6,8.7,8.4,8.9,8.3,86.7
Colombia San Antonio Palomos del Sur,South America,Wet Process,0.0,1.0,3.0,3.0,1.0,0.0,1.0,4.0,2.0,1.0,0.0,4.0,8.3,8.6,8.0,8.5,9.0,8.2,8.6,8.3,8.6,8.5,84.6
Burundi Dry Process Gaterama Agahore,East Africa,Dry Process,0.0,1.0,3.0,1.0,4.0,1.0,3.0,3.0,0.0,3.0,2.0,4.0,8.8,8.8,8.2,9.0,9.3,8.7,8.7,7.3,9.7,7.8,86.3
Colombia Tolima Ibagué China Alta,South America,Wet Process,0.0,1.0,3.0,2.0,3.0,0.0,3.0,3.0,1.0,1.0,1.0,4.0,8.7,8.9,8.4,9.0,9.3,8.5,8.7,8.2,9.0,8.0,86.7
Colombia Tolima Sandoval Moka 11 Screen,South America,Wet Process,1.0,1.0,3.0,2.0,1.0,0.0,1.0,2.0,2.0,0.0,1.0,3.0,8.5,8.6,8.6,8.6,8.8,8.6,8.7,8.5,8.6,9.0,86.5
Colombia Urraeños de Pavón,South America,Wet Process,1.0,2.0,3.0,2.0,2.0,1.0,2.0,3.0,0.0,0.0,1.0,3.0,8.6,8.8,8.6,8.8,8.7,8.6,8.8,8.3,8.9,8.2,86.30000000000001
Colombia Urrao Finca Los Palomos,South America,Wet Process,0.0,0.0,3.0,1.0,2.0,2.0,2.0,3.0,0.0,1.0,2.0,4.0,8.8,8.9,8.2,8.9,9.0,8.7,8.7,8.3,9.0,8.5,87.0
Colombia Urrao Fray David Moreno,South America,Wet Process,0.0,1.0,3.0,1.0,3.0,1.0,2.0,2.0,0.0,1.0,1.0,3.0,8.7,8.7,8.4,8.8,8.8,8.3,8.6,8.2,8.9,8.3,85.69999999999999
Colombia Urrao Valle del Penderisco,South America,Wet Process,0.0,1.0,3.0,0.0,2.0,0.0,2.0,3.0,0.0,0.0,1.0,4.0,8.7,8.8,8.5,8.8,9.0,8.5,8.7,8.5,8.7,8.2,86.4
Colombia Valle de Penderisco,South America,Wet Process,0.0,0.0,3.0,2.0,2.0,1.0,2.0,3.0,0.0,1.0,0.0,3.0,8.7,8.8,8.5,8.7,8.6,8.6,8.6,8.1,8.9,8.0,85.50000000000001
Peru Alto Pirias Graciela Espinoza,South America,Wet Process,0.0,1.0,2.0,2.0,2.0,0.0,1.0,3.0,1.0,0.0,1.0,3.0,8.6,8.7,8.5,8.7,8.7,8.2,8.6,8.5,8.7,8.4,85.60000000000001
Peru Alto Pirias Juan Espinoza,South America,Wet Process,0.0,0.0,3.0,3.0,2.0,1.0,1.0,4.0,0.0,0.0,1.0,4.0,8.6,8.6,8.7,8.7,9.2,8.5,8.8,8.5,8.6,8.3,86.49999999999999
Peru Caserio Buenos Aires ,South America,Wet Process,0.0,0.0,2.0,2.0,1.0,0.0,1.0,3.0,2.0,0.0,0.0,2.0,8.4,8.5,8.5,8.6,8.4,8.4,8.5,8.5,8.1,8.5,84.39999999999999
Burundi Dry Process Kayanza Nemba,East Africa,Dry Process,0.0,1.0,3.0,1.0,4.0,1.0,3.0,3.0,0.0,2.0,1.0,4.0,8.9,9.0,7.5,9.0,9.0,8.6,8.7,8.1,9.3,8.0,86.1
Peru El Diamante Don Elvis,South America,Wet Process,0.0,1.0,3.0,1.0,2.0,2.0,2.0,2.0,1.0,1.0,2.0,3.0,8.5,8.7,8.5,8.7,8.5,8.5,8.6,8.2,8.9,8.2,85.30000000000001
Peru Fair Trade Organic Ysauro Tocto,South America,Wet Process,0.0,1.0,2.0,2.0,1.0,0.0,0.0,4.0,2.0,0.0,0.0,4.0,8.3,8.4,8.4,8.5,9.3,8.2,8.4,8.5,7.9,8.5,84.4
Peru Huabal El Paraiso,South America,Wet Process,0.0,0.0,2.0,2.0,1.0,0.0,1.0,4.0,2.0,0.0,1.0,4.0,8.3,8.5,8.0,8.5,9.3,8.3,8.4,8.5,7.7,8.5,83.99999999999999
Peru Huabal Perlamayo ,South America,Wet Process,0.0,0.0,2.0,2.0,1.0,0.0,1.0,4.0,2.0,0.0,0.0,3.0,8.5,8.6,8.3,8.5,8.4,8.4,8.5,8.5,7.8,8.5,84.0
Peru Huabal San Francisco,South America,Wet Process,0.0,1.0,2.0,2.0,1.0,1.0,1.0,3.0,1.0,0.0,0.0,3.0,8.5,8.7,8.4,8.6,8.8,8.4,8.5,8.5,8.5,8.3,85.2
Peru La Huaca Calistro Cordova,South America,Wet Process,0.0,0.0,3.0,1.0,2.0,1.0,1.0,2.0,0.0,0.0,1.0,2.0,8.3,8.6,8.6,8.7,8.3,8.3,8.5,8.4,8.5,8.5,84.7
Peru Organic Agapito Rivera,South America,Wet Process,0.0,0.0,2.0,3.0,2.0,0.0,2.0,3.0,0.0,0.0,1.0,3.0,8.6,8.8,8.5,8.8,8.9,8.5,8.6,8.5,8.8,8.5,86.5
Peru Oscar Segura Vasquez,South America,Wet Process,0.0,2.0,3.0,1.0,2.0,1.0,2.0,4.0,0.0,0.0,1.0,4.0,8.7,8.8,8.6,8.8,9.0,8.7,8.7,8.5,8.7,8.5,87.00000000000001
Peru San Francisco David Garcia,South America,Wet Process,0.0,2.0,3.0,2.0,2.0,0.0,2.0,3.0,2.0,0.0,0.0,4.0,8.6,8.7,8.5,8.8,8.9,8.6,8.6,8.5,8.7,8.3,86.19999999999999
Espresso Workshop #46 Hama-O-Rama,NA,Machine Washed,1.0,1.0,4.0,3.0,2.0,2.0,2.0,5.0,0.0,0.0,2.0,5.0,8.7,8.7,8.8,9.3,9.3,8.7,8.7,8.5,9.0,9.0,88.7
Burundi Dry Process Kibingo,East Africa,Dry Process,0.0,0.0,3.0,0.0,4.0,0.0,3.0,2.0,0.0,2.0,2.0,4.0,8.3,8.4,8.2,8.9,9.0,8.7,8.7,8.0,9.0,8.3,85.5
Sweet Maria's Polar Expresso Holiday Blend,NA,Wet Process,1.0,2.0,3.0,3.0,3.0,2.0,3.0,4.0,0.0,1.0,1.0,5.0,8.7,8.8,8.8,9.0,9.3,9.2,8.7,8.3,9.2,8.5,88.5
Burundi Dry Process Murambi,East Africa,Dry Process,0.0,1.0,3.0,2.0,3.0,0.0,3.0,4.0,0.0,2.0,2.0,4.0,8.5,8.6,8.2,8.7,9.3,8.4,8.7,8.0,9.2,8.2,85.8
Burundi Gatare Masha,East Africa,Wet Process,2.0,3.0,4.0,1.0,2.0,2.0,0.0,3.0,0.0,0.0,3.0,3.0,9.2,9.4,8.7,9.4,8.8,9.3,9.0,8.7,9.5,8.5,90.5
Burundi Kabarore Commune Yandaro ,East Africa,Wet Process,0.0,0.0,3.0,2.0,2.0,2.0,1.0,2.0,0.0,1.0,3.0,2.0,8.7,8.8,8.7,8.8,8.3,8.6,8.6,8.0,8.9,8.0,85.4
Ethiopia Gera Genji Challa,East Africa,Wet Process,3.0,3.0,2.0,0.0,3.0,2.0,0.0,2.0,0.0,0.0,2.0,3.0,9.2,9.5,9.0,9.3,8.7,9.4,8.8,9.0,9.4,8.7,91.00000000000001
Burundi Kayanza Dusangirijambo Coop,East Africa,Wet Process,0.0,1.0,3.0,2.0,2.0,2.0,1.0,3.0,0.0,1.0,2.0,3.0,8.6,8.7,8.5,8.7,8.5,8.5,8.7,8.2,8.7,8.0,85.10000000000001
Burundi Kayanza Dusangirijambo Coop,East Africa,Wet Process,0.0,1.0,3.0,2.0,2.0,2.0,2.0,2.0,0.0,0.0,3.0,2.0,8.7,8.8,8.5,8.9,8.4,8.7,8.6,8.5,9.0,8.2,86.3
Burundi Kayanza Dusangirijambo Coop Lot #1810,East Africa,Wet Process,0.0,1.0,3.0,2.0,2.0,2.0,1.0,3.0,0.0,0.0,3.0,3.0,8.8,8.9,8.6,9.0,8.6,8.5,8.7,8.4,8.9,8.0,86.40000000000002
Burundi Kayanza Gahahe,East Africa,Wet Process,1.0,1.0,3.0,2.0,2.0,2.0,1.0,3.0,0.0,0.0,2.0,2.0,8.9,9.0,8.8,9.2,8.4,9.0,8.7,9.0,9.0,8.5,88.5
Burundi Kayanza Gakenke,East Africa,Wet Process,1.0,4.0,2.0,2.0,2.0,2.0,1.0,4.0,0.0,2.0,3.0,3.0,8.7,8.9,8.8,8.8,9.1,8.0,8.6,7.9,8.9,8.3,86.00000000000001
Burundi Kazoza N'Ikawa Station,East Africa,Wet Process,1.0,1.0,3.0,2.0,2.0,3.0,1.0,2.0,0.0,0.0,2.0,3.0,8.7,8.8,8.8,9.0,8.5,8.6,8.7,8.5,8.9,8.0,86.5
Burundi Kazoza N'ikawa Station,East Africa,Wet Process,1.0,2.0,3.0,1.0,2.0,2.0,2.0,2.0,0.0,0.0,3.0,3.0,8.7,8.8,8.8,9.0,8.6,8.8,8.7,8.5,9.0,8.4,87.30000000000001
Burundi Kibumbu Kayokwe,East Africa,Wet Process,0.0,2.0,3.0,2.0,2.0,2.0,0.0,3.0,1.0,0.0,2.0,3.0,8.5,8.6,8.7,8.7,9.0,8.5,8.6,8.5,8.7,8.0,85.8
Burundi Kiganda Murambi Station,East Africa,Wet Process,1.0,2.0,3.0,1.0,2.0,0.0,2.0,2.0,0.0,1.0,3.0,3.0,8.8,9.0,8.5,9.0,8.7,8.2,8.7,7.9,9.2,8.0,86.00000000000001
Burundi Monge Murambi Hill,East Africa,Wet Process,0.0,2.0,3.0,1.0,2.0,1.0,2.0,3.0,0.0,0.0,2.0,3.0,8.7,8.8,8.4,8.7,8.8,8.6,8.6,8.4,8.8,8.0,85.8
Ethiopia Guji Hambela Dabaye,East Africa,Wet Process,2.0,2.0,4.0,2.0,2.0,2.0,1.0,1.0,0.0,0.0,2.0,4.0,9.0,9.3,8.9,9.1,9.5,8.8,9.3,8.5,9.0,8.5,89.9
Burundi Mutambu Colline Migoti,East Africa,Wet Process,0.0,1.0,3.0,2.0,2.0,2.0,1.0,3.0,0.0,0.0,2.0,3.0,8.7,8.8,8.8,8.8,8.8,8.7,8.7,8.5,8.8,8.5,87.10000000000001
Burundi Mutambu Rugembe Hill,East Africa,Wet Process,0.0,1.0,3.0,1.0,2.0,0.0,0.0,2.0,0.0,0.0,2.0,3.0,8.6,8.8,8.7,8.7,8.5,8.5,8.6,8.5,8.7,8.0,85.60000000000001
Burundi Rwiri Yagikawa Station,East Africa,Wet Process,0.0,2.0,3.0,2.0,1.0,1.0,1.0,4.0,0.0,0.0,3.0,4.0,8.7,8.7,8.6,8.8,8.9,8.7,8.7,8.8,8.8,8.3,86.99999999999999
Burundi Rwiri Yagikawa Station,East Africa,Wet Process,2.0,1.0,3.0,2.0,2.0,2.0,2.0,2.0,0.0,0.0,3.0,3.0,9.0,9.0,9.0,9.3,8.5,9.1,8.7,8.8,9.0,8.5,88.89999999999999
Burundi Yeast Fermentaion Yandaro,East Africa,Other Processes,0.0,1.0,2.0,2.0,2.0,2.0,1.0,4.0,0.0,2.0,3.0,4.0,8.3,8.6,8.9,8.7,9.5,8.6,8.5,8.0,9.0,8.0,86.1
Ethiopia Agaro Duromina Coop Lot 17,East Africa,Wet Process,1.0,2.0,3.0,1.0,2.0,2.0,2.0,3.0,0.0,1.0,2.0,3.0,8.9,9.0,8.8,9.0,8.8,8.7,8.6,8.5,9.0,8.5,87.80000000000001
Ethiopia Agaro Genji Challa Lot 13,East Africa,Wet Process,1.0,3.0,3.0,1.0,3.0,2.0,1.0,1.0,0.0,0.0,2.0,3.0,9.0,8.9,8.8,9.4,8.8,9.0,8.8,8.5,9.2,8.5,88.9
Ethiopia Agaro Geta Bore,East Africa,Wet Process,0.0,1.0,3.0,2.0,1.0,0.0,0.0,2.0,0.0,3.0,3.0,3.0,8.5,8.8,8.4,8.7,8.9,8.2,8.7,7.8,9.1,8.5,85.6
Ethiopia Agaro Kedamai Cooperative,East Africa,Wet Process,2.0,2.0,3.0,1.0,2.0,2.0,0.0,1.0,0.0,0.0,0.0,2.0,8.8,9.0,8.8,9.3,8.0,8.7,8.6,8.9,9.0,9.0,88.10000000000001
Ethiopia Agaro Kenisa,East Africa,Wet Process,2.0,2.0,3.0,1.0,2.0,2.0,1.0,2.0,0.0,0.0,2.0,3.0,8.7,8.9,8.9,9.2,8.8,8.9,8.7,8.5,9.1,8.3,87.99999999999999
Kenya Nyeri Gachatha AB,East Africa,Wet Process,1.0,0.0,3.0,0.0,3.0,3.0,3.0,2.0,0.0,0.0,2.0,4.0,9.3,9.5,9.5,9.6,9.0,9.2,8.9,8.4,9.7,9.0,92.10000000000001
Ethiopia Agaro Nano Challa Lot 10,East Africa,Wet Process,2.0,3.0,2.0,1.0,3.0,3.0,2.0,2.0,0.0,1.0,3.0,4.0,9.0,9.3,8.8,9.3,9.0,8.7,8.8,8.2,9.4,8.5,89.00000000000001
Ethiopia Agaro Sadi Loya Coop,East Africa,Wet Process,1.0,2.0,3.0,1.0,2.0,2.0,1.0,3.0,0.0,0.0,1.0,3.0,8.7,8.7,8.6,8.8,8.9,8.6,8.7,8.5,8.7,8.5,86.7
Ethiopia Agaro Tuma Tesso,East Africa,Wet Process,2.0,2.0,3.0,0.0,2.0,2.0,2.0,0.0,0.0,0.0,0.0,2.0,8.6,8.8,9.0,9.1,8.2,8.9,8.6,8.7,9.1,8.5,87.5
Ethiopia Bensa Asefa Qonqana,East Africa,Wet Process,4.0,1.0,3.0,0.0,2.0,2.0,2.0,0.0,0.0,0.0,1.0,2.0,9.7,9.8,9.0,9.7,8.3,9.7,9.0,9.2,9.7,8.5,92.60000000000001
Ethiopia Dry Process Bashasha Aba Nura,East Africa,Dry Process,1.0,0.0,3.0,1.0,4.0,1.0,3.0,3.0,0.0,2.0,1.0,4.0,8.7,9.0,8.3,9.2,9.0,8.8,8.7,8.0,9.5,8.2,87.4
Ethiopia Dry Process Benti Nenka,East Africa,Dry Process,1.0,1.0,4.0,1.0,5.0,0.0,3.0,3.0,0.0,2.0,3.0,5.0,9.3,9.5,8.4,9.6,9.5,9.0,9.0,8.3,10.0,8.0,90.60000000000001
Ethiopia Dry Process Genji Challa,East Africa,Dry Process,2.0,0.0,3.0,0.0,4.0,1.0,3.0,2.0,0.0,3.0,2.0,4.0,9.0,9.3,8.5,9.0,9.0,8.8,8.7,8.0,9.5,8.3,88.1
Ethiopia Dry Process Guji Gerbicho Rogicha,East Africa,Dry Process,4.0,1.0,4.0,0.0,4.0,2.0,4.0,2.0,0.0,2.0,1.0,4.0,9.0,9.5,8.6,9.7,9.0,9.3,9.0,8.3,9.8,8.2,90.39999999999999
Ethiopia Dry Process Guji Hambela,East Africa,Dry Process,2.0,0.0,3.0,0.0,5.0,2.0,4.0,3.0,0.0,2.0,2.0,5.0,9.3,9.5,8.6,9.3,9.5,9.0,9.0,8.2,9.8,8.3,90.5
Ethiopia Dry Process Guji Shakiso Hambela Dabaye,East Africa,Dry Process,1.0,0.0,2.0,1.0,4.0,2.0,4.0,3.0,0.0,1.0,2.0,4.0,9.0,9.3,8.6,9.2,8.7,9.0,8.8,8.2,9.6,8.2,88.6
Kenya Nyeri Ichamama AB ,East Africa,Wet Process,0.0,1.0,3.0,2.0,3.0,3.0,2.0,0.0,0.0,0.0,1.0,3.0,9.0,9.3,9.5,9.0,8.8,9.0,8.7,9.0,9.4,8.8,90.5
Ethiopia Dry Process Hamasho Village,East Africa,Dry Process,2.0,1.0,2.0,0.0,5.0,3.0,3.0,1.0,0.0,0.0,2.0,4.0,9.7,9.7,8.8,9.8,9.2,9.5,9.2,8.7,9.8,8.5,92.9
Ethiopia Dry Process Hambela Buku 13 Screen,East Africa,Dry Process,2.0,1.0,3.0,3.0,3.0,0.0,3.0,3.0,0.0,3.0,1.0,4.0,8.8,8.9,8.0,8.9,9.5,8.7,8.7,7.5,9.3,7.7,86.0
Ethiopia Dry Process Hambela Goro,East Africa,Dry Process,2.0,0.0,3.0,0.0,4.0,1.0,4.0,3.0,0.0,2.0,2.0,4.0,9.0,9.2,8.0,9.3,9.2,8.8,9.0,7.7,9.8,8.0,88.0
Ethiopia Dry Process Jimma Aba Simel,East Africa,Dry Process,1.0,2.0,3.0,0.0,4.0,2.0,3.0,2.0,0.0,1.0,1.0,4.0,8.9,9.2,8.6,9.3,9.0,8.8,8.7,8.3,9.5,8.2,88.5
Ethiopia Dry Process Kebele Keramo,East Africa,Dry Process,2.0,0.0,3.0,0.0,5.0,2.0,3.0,1.0,0.0,2.0,2.0,4.0,9.4,9.6,8.7,9.6,9.0,8.9,8.8,8.2,10.0,8.2,90.4
Ethiopia Dry Process Shakiso Korommii,East Africa,Dry Process,1.0,0.0,3.0,0.0,4.0,2.0,4.0,4.0,0.0,3.0,1.0,4.0,8.7,8.8,8.5,8.8,9.3,8.0,8.6,7.7,9.4,8.2,86.0
Ethiopia Dry Process Suke Quto Daannisa,East Africa,Dry Process,2.0,0.0,3.0,1.0,4.0,2.0,4.0,3.0,0.0,2.0,2.0,3.0,9.0,9.2,8.5,9.2,8.7,8.9,8.7,8.2,9.4,8.2,88.0
Ethiopia Guji Hambela Wamena Akrabi,East Africa,Wet Process,4.0,2.0,3.0,1.0,2.0,3.0,2.0,1.0,0.0,0.0,2.0,2.0,9.3,9.7,9.2,9.6,8.0,9.4,9.1,9.0,9.6,8.7,91.6
Ethiopia Guji Uraga Tome,East Africa,Wet Process,3.0,2.0,3.0,0.0,2.0,2.0,1.0,1.0,0.0,0.0,2.0,2.0,8.8,9.5,8.7,9.6,8.2,9.2,9.0,8.5,9.5,9.0,90.0
Ethiopia Guji Uraga Yabitu,East Africa,Wet Process,4.0,1.0,4.0,0.0,2.0,2.0,0.0,0.0,0.0,0.0,2.0,3.0,9.7,9.8,9.0,9.8,8.5,9.5,9.0,9.5,9.8,8.5,93.1
Kenya Nyeri Kamoini AB,East Africa,Wet Process,1.0,1.0,3.0,1.0,2.0,2.0,1.0,1.0,0.0,0.0,1.0,4.0,9.0,9.4,9.0,9.0,9.2,8.9,8.7,8.8,9.3,8.5,89.79999999999998
Ethiopia Kochore Jet Hama,East Africa,Wet Process,4.0,3.0,3.0,1.0,3.0,3.0,2.0,2.0,0.0,0.0,0.0,3.0,9.4,9.5,8.8,9.5,8.5,9.0,8.8,9.0,9.4,8.3,90.2
Ethiopia Limu Musa Aba Lulesa,East Africa,Wet Process,2.0,3.0,2.0,1.0,2.0,3.0,1.0,1.0,0.0,0.0,0.0,4.0,8.8,9.0,8.7,9.2,9.0,8.9,8.8,8.7,9.3,8.5,88.9
Ethiopia Organic Dry Process Limu Kossa Farm,East Africa,Dry Process,1.0,1.0,3.0,1.0,4.0,0.0,3.0,3.0,0.0,2.0,2.0,4.0,8.8,8.9,7.8,8.9,9.5,8.6,8.7,8.0,9.5,8.2,86.9
Ethiopia Organic Dry Process Shakiso Bookkisa,East Africa,Dry Process,2.0,0.0,3.0,0.0,4.0,2.0,4.0,0.0,0.0,1.0,2.0,4.0,9.5,9.7,8.7,9.5,8.7,9.3,9.0,8.7,9.8,8.3,91.19999999999999
Ethiopia Organic Dry Process Shakiso Hangadhi,East Africa,Dry Process,1.0,0.0,3.0,2.0,3.0,1.0,3.0,4.0,0.0,3.0,2.0,3.0,8.7,8.8,8.5,8.8,8.8,8.3,8.7,8.0,9.3,8.3,86.19999999999999
Ethiopia Organic Dry Process Sidama Bombe,East Africa,Dry Process,2.0,1.0,4.0,2.0,5.0,2.0,4.0,2.0,0.0,2.0,3.0,4.0,9.2,9.3,8.7,9.6,9.3,8.8,9.1,8.2,9.8,8.0,89.99999999999999
Ethiopia Organic Dry Process Sidama Keramo,East Africa,Dry Process,2.0,2.0,3.0,1.0,4.0,1.0,4.0,2.0,0.0,1.0,2.0,4.0,9.3,9.5,8.7,9.5,9.5,9.0,9.0,8.5,9.8,8.2,91.0
Ethiopia Organic Dry Process Sidama Shantawene,East Africa,Dry Process,2.0,1.0,3.0,1.0,4.0,3.0,4.0,2.0,0.0,0.0,2.0,4.0,9.4,9.6,8.7,9.7,9.2,9.2,9.0,8.2,9.8,8.2,91.0
Ethiopia Organic Sidama Keramo,East Africa,Wet Process,3.0,2.0,3.0,0.0,2.0,2.0,1.0,1.0,0.0,0.0,1.0,2.0,9.0,9.2,8.7,9.3,8.6,9.0,8.7,8.8,9.5,8.5,89.3
Ethiopia Organic Sidama Shantawene Village,East Africa,Wet Process,2.0,3.0,4.0,2.0,2.0,2.0,2.0,1.0,0.0,0.0,2.0,3.0,9.0,9.0,8.8,9.4,8.7,9.0,9.6,9.0,9.2,8.3,90.0
Kenya Nyeri Kiandu AB,East Africa,Wet Process,1.0,0.0,4.0,1.0,3.0,2.0,3.0,1.0,0.0,1.0,3.0,3.0,9.1,9.3,9.0,9.3,8.8,9.4,8.9,8.5,9.3,9.0,90.6
Ethiopia Sidama Damo,East Africa,Wet Process,2.0,2.0,4.0,0.0,2.0,2.0,2.0,2.0,0.0,0.0,3.0,3.0,9.0,9.4,9.0,9.0,8.7,9.0,9.2,9.0,9.0,9.0,90.3
Ethiopia Sidama Shantawene Village,East Africa,Wet Process,3.0,1.0,3.0,0.0,2.0,2.0,2.0,1.0,0.0,0.0,2.0,2.0,9.5,9.6,9.0,9.5,8.5,9.4,9.0,9.0,9.5,9.0,92.0
Ethiopia Uraga Tebe Haro Wato,East Africa,Wet Process,2.0,4.0,3.0,0.0,3.0,2.0,2.0,2.0,0.0,0.0,2.0,4.0,9.0,9.5,8.9,9.5,9.0,9.4,9.0,9.1,9.6,9.0,91.99999999999999
Ethiopia Yirga Cheffe Kebele Foge,East Africa,Wet Process,3.0,2.0,3.0,0.0,2.0,2.0,0.0,0.0,0.0,0.0,0.0,2.0,8.8,9.0,8.7,9.0,8.2,8.8,8.7,8.5,9.2,8.5,87.4
Ethiopia Yirga Cheffe Konga Station,East Africa,Wet Process,4.0,2.0,3.0,0.0,3.0,2.0,2.0,0.0,0.0,1.0,1.0,2.0,9.3,9.6,8.8,9.5,8.5,9.2,8.7,8.4,9.5,8.2,89.70000000000002
Ethiopia Yukiro Cooperative,East Africa,Wet Process,2.0,1.0,3.0,0.0,2.0,3.0,1.0,1.0,0.0,0.0,1.0,2.0,8.8,8.8,8.8,9.2,8.5,9.0,8.8,9.0,9.0,8.5,88.4
Kenya Gatanga Ibutiti Estate AAï»¿,East Africa,Wet Process Kenya Type,0.0,0.0,3.0,1.0,3.0,3.0,3.0,1.0,0.0,0.0,3.0,3.0,9.1,9.3,9.4,9.3,8.8,9.2,8.8,8.7,9.5,8.5,90.6
Kenya Gatanga Ibutiti Estate Peaberry,East Africa,Wet Process,1.0,0.0,3.0,2.0,4.0,3.0,4.0,3.0,0.0,0.0,3.0,3.0,9.3,9.7,9.0,9.7,8.8,9.4,8.7,8.5,9.8,8.7,91.6
Kenya Kiambu Evans Farm AA,East Africa,Wet Process Kenya Type,0.0,0.0,2.0,0.0,2.0,3.0,1.0,1.0,0.0,0.0,2.0,3.0,8.7,8.8,9.0,8.8,9.0,8.7,8.5,8.5,9.0,8.5,87.5
Kenya Kiambu Evans Farm AA,East Africa,Wet Process Kenya Type,1.0,1.0,3.0,1.0,3.0,3.0,2.0,2.0,1.0,0.0,3.0,3.0,9.3,9.6,9.6,9.5,8.5,9.2,8.7,8.9,9.5,8.7,91.50000000000001
